Ente,Clave,Tipo,Padre / Dominio,Depende de,FaseInicio,Contratos I/O (resumen),SLO/SLA clave,Artefactos de evidencia,Rollback / Freeze,Owner,Sugerencias de ajuste /mejora,Anotaciones IM,Validados IM
Sistema Chrono [Chrono System],SY-CHR,Sistema,Grupo 2.3 “Control y Ritmo – Neuro-Endócrino-Chrono”,FR-CON (C6 Sincronía temporal; C1 Homeostasis; C3 Trazabilidad); SY-END; PO-CICD; PO-LOG; PO-GEN; FR-MIOI,F0,Sincroniza ritmos y ventanas de acción/descanso/aprendizaje; coordina SCI/MIC y la sincronización EDL/RLM en el organismo.,EDL ≤ 1 s; RLM ≤ 500 ms; SCI ≥ 0.9; Cumplimiento de ventanas = 100%; Conflictos de agenda = 0; skew histórico ≤ umbral,chrono_metrics.json; latency_budget.yml; chrono_cycle.log; window_map.yaml; historial de alarmas/rollback en /logs/chrono/,"Freeze si SCI < 0.85 (3 strikes) o drift > X ms; rollback temporal ante inversión de prioridad detectada por CA; restaurar backup chrono_state.yml

Ledger de rollback append-only con timestamps NTP/UTC y firma criptográfica; publicación diaria de Merkle root a FR-FIL",Agente de Sincronía Global (Chronos) + sub-agente SY-CHR.CA (Árbitro temporal),"Integrar exportación directa a PO-LOG para auditoría automática de desviación temporal; vincular explícitamente SY-END como co-agente; promover SY-CHR.CA.TOL a submódulo formal; añadir chrono_state.yml como registro histórico universal; reportar parámetros temporal-éticos a FR-FIL (lineage temporal hashes).

Compartición de sla_version_id con SY-CRD; hash conjunto energy_block.digest para trazabilidad común.",IM-CHR-002: “Ledger de rollback append-only con timestamps NTP/UTC y firma criptográfica; publicar Merkle root diario a FR-FIL.”,VERDADERO
Submódulo Chrono Arbiter [Arbitraje Temporal y Prioridades],SY-CHR.CA,Submódulo,SY-CHR,"SY-END; SY-CHR.SLA; PO-GEN; PO-EEI; PO-EEE; PO-LOG; FR-CON (C6 Sincronía)
PO-EEE.CHK (gobernanza normativa), PO-EEI.AUD (coherencia GEN–EEE–MIOI), y EthicalScore (PO-EEI.ETSC)",F0,"Arbitra colas, prioridades y límites de tiempo entre EEI (P0), GEN (P1) y EEE (P2); protege contra priority inversion/starvation; aplica preempción/degradación/safe-deny según umbrales.",EEI ≤ 50 ms; GEN ≤ 150 ms; EDL ≤ 1 s; RLM ≤ 500 ms,"arbiter_config.yml; ca_metrics.json; queue_depth.csv; latency_stats.json; priority_queue.log
chronological_clearance.log y cooldown_events.csv  artefactos oficiales publicados hacia PO-EEE.CHK / PO-EEE.",Rollback por prioridad con rollback_signature y causal_chain_id en ledger; freeze de promociones y drenaje de colas bajo sobrecarga,Chrono Arbiter (Árbitro Temporal),Homogeneizar prefijos SY-CHR.CA.*; formalizar CTU como canal común; declarar dependencia explícita de SY-CHR.SLA y SY-CHR.CA.TOL; documentar endo_version_id y tolerance_version_id cruzados.,"Además de EDL/RLM/SCI, agregar Conflict Resolution Latency (CRL) ≤ 2 s y Governance Drift Index (GDI) como señales que, si están en rojo por PO-EEE.CHK, autorizan a Chrono a forzar freeze.",VERDADERO
Tolerancias del Arbiter [Política de Tolerancias],SY-CHR.CA.TOL,Submódulo,SY-CHR.CA,FR-CON (constantes/umbrales); SY-CHR.SLA (señales de SLA),F1,"Define y aplica políticas de tolerancia temporal (bandas, backoff, sampling) para GEN/EEE; emite/consume tolerance_signal estandarizado y coordina con SLA.",Cumplimiento de política ≥ 99% (bandas de tolerancia activas); TI (Tolerance Index) ≤ 0.05 (propuesto); backoff efectivo en 3-strikes,tolerance_policy.yml; tolerance_signal.json; tol_events.log,Backoff gradual y freeze por 3-strikes; rollback de ventanas no críticas bajo incumplimiento persistente,Policy Custodian (Chrono TOL),"Normalizar TI =
Alinear TI con latency_budget.yml; registrar tolerance_signal y eventos soft/medium/hard en tol_events.log.",(hereda del SLA/Chrono): “Mantener coherencia TI↔SLA: TI calculado contra latency_budget.yml; registrar eventos de tolerancia (soft/medium/hard).,VERDADERO
SLA & Latencia Chrono [Supervisión de umbrales],SY-CHR.SLA,Submódulo,SY-CHR,SY-CHR.CA.TOL; PO-LOG; PO-CAN,F0,Monitorea/valida cumplimiento de latencias y derivados (DTM/RLM/EDL) por tramo/pipeline; publica latency_budget y árbol de SLA; ordena degradación a modo seguro.,p95/p99 por tramo; DTM/RLM/EDL según fase; SLA target ≥ 95%,"latency_budget.yml; sla_tree.yml; latency_audit.log
",Degradación a safe-mode ante breach; freeze de ventanas hasta recuperación de SLA,Scheduler Auditor,"Sincronizar sla_version_id ↔ endo_version_id; documentar tolerance_version_id en TOL; PO-LOG solo como “sink” (evitar doble fuente de métricas).
Estandarizar latency_budget.yml (RLM/EDL/SCI) y documentar blackout windows en sla_tree.yml con política de degrade/pause.","IM-CHR-001: “Estandarizar latency_budget.yml como contrato único de latencias (RLM/EDL/SCI) y anclarlo al sla_tree.yml.”

IM-CHR-003: “Registrar blackout windows en sla_tree.yml con política declarativa de degrade/pause y reanudación condicionada.”",VERDADERO
Sistema Endócrino [Endocrine System],SY-END,Sistema,Grupo 2.3 “Control y Ritmo – Neuro-Endócrino-Chrono”,"SY-CHR; QA-ÉTICO; PO-GEN; FR-CON (C2 Adaptabilidad; C3 Homeostasis); FR-FIL (memoria ética)
alignment_score.ndjson (read-only, vía ethical_feedback_id).",F1,"Modula variables hormonales (riesgo, agresividad, paciencia, exploración) sin alterar código; ajusta estados internos según contexto y desempeño ético.
IN: estado endocrino actual, métricas hormonales, carga energética.
OUT: endo_version_id, hormonal_state[risk,patience,focus], coherence_score, exportados a PO-GEN.RPL y al gate de PR-PIG antes de mutación genética.","Variación suave sin serrucho; violaciones de límites = 0; Hormone Drift ≤ umbral; Stability Index ≥ meta
Variación hormonal diaria ≤ ±2% (max_daily_variation) por modo.
Hormonal Drift ≤ 2 %.
Hormonal–Genomic Coherence ≥ 0.98 entre endo_version_id y genome_commit_id.
Rechazar mutación si incoherencia hormonal > 2 %.","endocrine_state.yml; hormone_profile.yml; endo_metrics.json; ethical_feedback.log; regimen_policies.yml; cooldown_events.csv; dashboards /reports/endo/
endocrine_changelog.ndjson
endo_compat.yml
hormone_profile (incluye endo_version_id, linked_genome_commit, aesthetic_origin, hormonal_state[risk,patience,focus], coherence_score),
genome_commit.log (referencia cruzada endo_version_id ↔ genome_commit_id),
trazas de PR-PIG (previa a mutación).
añadir endocrine_state.yml.","Freeze ante sobre-reacción; rollback ético bajo QA-Ético (solo eventos HARD); smoothing automático y cooldowns
Freeze evolutivo si coherence_score < umbral o si PR-PIG detecta desalineación endocrina antes de commit genético.",Agente Endocrino (E-Manager),"Formalizar canal CTU compartido con Chrono; agregar endo_version_id; homogeneizar prefijos SY-END.*; vincular ethical_feedback con FR-FIL; documentar relación con PO-LOG sink.
Declarar endo_version_id como input obligatorio de PO-GEN.RPL en cada genome_commit_id.
Incluir hormonal_state y coherence_score en la firma de cada commit genético.
PR-PIG debe auditar coherencia endocrina antes de autorizar mutaciones.","IM-END-001: “hormone_profile.yml como artefacto normativo con half_life_hours por hormona.”
IM-END-002: “endocrine_changelog.ndjson (append-only) para trazabilidad.”
IM-END-003: “endo_compat.yml con versionado cruzado (sla_version_id, tolerance_version_id).”
IM-END-004: “Normalizar ‘ethical feedback’ como señal escalar 0–1 (PO-EEI.ETSC) mapeada a hormonas vía LUT.”
IM-END-005: “Variación diaria máxima ±2% (max_daily_variation) por modo (sim/paper/live).”OM-02 aplicado: acople ético-endocrino activo (bindings con ethical_feedback_id), RECOVERY_RATE ≥ 0.9 gatillado por global_coherence ≥ 0.95 (p95, 24 h).”",VERDADERO
Sistema Cardiovascular [Cardiovascular System],SY-CRD,Sistema,Grupo 2.2 “Transporte y Flujo Operativo”,"SY-CHR; SY-END; PO-CICD; PO-LOG; FR-CON (C4 Integridad de datos)
FR-CON (C1, C6, C7, C9), SY-CHR, SY-END, AG-CAR, PO-LOG.",F0,"Transporta señales, métricas y energía operativa por todo el organismo; gestiona colas, latencia y prioridad; garantiza entrega íntegra y jerarquía de QoS.
Bus con QoS por clase de tópico; reporte p95/p99 por tópico alineado a latency_budget.yml","Latencia p95 < umbral; pérdida crítica = 0; MTTR ≤ T; entrega ≥ 99.9%
Flujo energético estable: 0.95–1.05

Sincronía temporal: ≤ ±50 ms (Chrono)

Ethical Clearance ≥ 0.90","eventbus_config.yml; metrics_bus.log; latency_report.json; traffic_audit.log; topology_map.yml
constants.yml (C1,C6,C7,C9), dependency_matrix.yml, coherence_assertions.ndjson, cardio_qos.log, chronological_clearance.log.","Freeze de tópicos no críticos; rollback selectivo de colas o rutas; recuperación por rehydration bajo estrés
freeze si ENERGY_FLOW_BALANCE_RATIO se desvía >5%, o se incumple SYNCHRONY_WINDOW_MS, o Ethical Clearance < 0.90; registrar en cooldown_events.csv.",Coordinador de Transporte (Cardio Manager),"Documentar CTU ↔ MET_BUS; definir prioridad endocrina (risk_level) en ruteo; estandarizar formato /logs/transport/YYYYMMDD.log; agregar bus_version_id; QA de integridad bajo FR-FIL lineage.
Publicar {topic, p95_ms, p99_ms, window} a PO-LOG; headers con ttl_ms para evitar residuos.
Referenciar CTU para publicación de digests y auditoría

Sincronizado con SY-CHR mediante sla_version_id. Registros de flujo auditados bajo FR-FIL/energy_block.digest.

governance_policy_ref: LoadEqualizationPolicy, ChronoArbiterWindow, EthicalGovernanceAudit.","IM-CRD-001: “QoS por clase de tópico (telemetry < data_ingest < model_io < decision < execution)
IM-CRD-002: “Persistencia mínima por topic con rotación temporal (ring buffer).
IM-CRD-003: “Reportar p95/p99 por clase al monitor de SY-CHR y validar contra latency_budget.yml
IM-CRD-004: “Incluir ttl_ms obligatorio en headers de mensajes para evitar residuos.
",VERDADERO
Sistema Nervioso,SY-NRV,Sistema,SY-ORG (Organismo Digital),"SY-CHR, SY-CRD, SY-END, SY-MSC",F1,"Entradas: señales sensoriales, métricas del bus, estado endocrino y reloj Chrono.Salidas: órdenes priorizadas al SY-MSC, métricas de latencia y SCI local.",SCI ≥ 0.9 · p95/p99 < SLA definido por SY-CHR.SLA · coherencia interlóbulo ≥ 95 %.,neuro_map.yml · neuro_log.ndjson · neuro_feedback.json,hash neuro_map.digest publicado en PO-LOG cada refresh,Neuro Manager,"Estandarizar neuro_map.yml con actualización periódica (cron y on-event).Implementar topología pub/sub jerárquica R-L-N sobre el bus SY-CRD.Publicar métricas p95/p99 y SCI local hacia SY-CHR para feedback temporal.
Referenciar CTU para publicación de digests y auditoría","IM-NRV-001: Topología pub/sub sobre bus de SY-CRD con threadpool por lóbulo (R, L, N).IM-NRV-002: neuro_map.yml con refresh cada 5 min o on-event (schema_change, sla_update).IM-NRV-003: Coordinar señales con SY-CRD bajo latencia compartida; publicar p95/p99 y SCI local; si SCI < umbral → reflejos (SY-MSC).IM-NRV-004: Publicar hash (neuro_map.digest) en PO-LOG para detectar drift neuronal.",VERDADERO
Sistema Inmunológico,SY-IMM,Sistema,Grupo 2.4 “Defensa y Frontera — Escudo-Identidad”,"SY-CHR, SY-END, QA-ÉTICO, FR-CON (C7 Ética del propósito, C6 Sincronía), FR-FIL (memoria filogenética), PO-EEI (UQAT), PO-EEE (ética operativa)",F2,Evalúa señales y artefactos antes de su promoción; aplica políticas deny-by-default y listas blancas/negras firmadas; comunica incidentes y cuarentenas a SY-LYM y SY-REP.MEM.,Cumplimiento ≥ 99 % en políticas; falsos positivos ≤ 1 %; SCI ≥ 0.9 durante operación; p95 retest < 200 ms,"imm_policy.yml (OPA-like con ttl_hours, signature_id, y contexto SLA), whitelist.yml, blacklist.yml, catalog.yml, imm_decision.log, quarantine_events.ndjson, override_signature.yml, catalog_digest.hash",Freeze ante incumplimiento > 3 strikes o drift ético detectado; rollback automático hacia snapshot previo (imm_state.yml) y notificación a FR-FIL,Agente de Defensa Ética (AVE) + Immune Manager," Formalizar imm_policy.yml bajo esquema OPA-like.- Integrar firmas SHA256 con ttl y contexto de SLA.- Consolidar catalog.yml y blacklist.yml en catalog_digest.hash firmado.- Coordinar escalamiento con QA-ÉTICO y PO-EEE bajo canal CTU.- Sincronizar métricas con FR-FIL y reportar digest en PO-LOG.
Formalizar política imm_policy.yml bajo esquema OPA-like; incluir TTLs (ttl_hours) y firmas digitales; sincronizar con catalog_digest.hash firmado
",IM-IMM-001: Establecer imm_policy.yml como contrato de defensa universal (deny-by-default) con política OPA-like.IM-IMM-002: Incorporar firma digital y tiempo-vida (ttl_hours) en listas blancas y negras; validar integridad mediante catalog_digest.hash.IM-IMM-003: Definir protocolo de escalamiento ante falsos positivos coordinado con AVE y QA-ÉTICO (prioridad P1).IM-IMM-004: Publicar catalog_digest.hash diario en PO-LOG y FR-FIL para detectar drift ético.,VERDADERO
Sistema Reproductor [Reproductive System],SY-REP,Sistema,Grupo 2.5 “Evolución y Herencia Controlada”,SY-IMM; SY-END; SY-CHR; PO-EEE; PO-GEN; FR-FIL (línea filogenética),F0,"In: experience_feed, drift_signals. Out: gene_proposal, canary_plan, heredity_map.",Propuestas válidas ≥ 95 % · rollback 0 fallas · SLA canary ≥ 99 %,genome.yml; heredity_policy.yml; proposal_runner.log; canary_audit.ndjson; rep_lineage.hash,Rollback ético y funcional por “mutación peligrosa”; freeze de canary ante breach de SCI<0.9 o score ético <0.75.,Evolution Manager + QA-ÉTICO + PO-CICD,Integrar con ledger de SY-IMM para autorización previa de mutaciones; formalizar genome.yml como artefacto raíz; vincular canary_audit con PO-LOG.,IM-REP-001 “Declarar genome.yml como contrato genético único y trazable.” IM-REP-002 “Crear ledger genético append-only (rep_lineage.hash) y vincularlo a FR-FIL.” IM-REP-003 “Definir puente umbilical (umbilical_bridge.yml) para genes importados de agentes externos (verificados por QA-ÉTICO).”,VERDADERO
Memoria Evolutiva,SY-REP.MEM,Submódulo,SY-REP (Sistema Reproductor Evolutivo),"SY-IMM (ética), FR-FIL (filogenia), PO-GEN (gobernanza genética)",F0,"In: gene_proposal.json, rep_lineage.hash, imm_events.ndjson.Out: mem_trace.yml, heredity_index.json, audit_lineage.json.",SCI ≥ 0.9 · coherencia hash ≥ 99 %.,"mem_trace.yml, evo_memory.db, filogenic_memory.hash.",mem_checkpoint.yml (rollback de estado),Evolution Memory Keeper + QA-ÉTICO,Normalizar rep_lineage.hash con FR-FIL y crear índice de herencia (heredity_index.json).,"IM-REP-001: Declarar mem_trace.yml como ledger de herencia universal.IM-REP-002: Establecer audit_lineage.json como evidencia verificable entre SY-REP ↔ SY-IMM.IM-REP-003: Firmar toda memoria heredada con ethical_signature (hash dual IMM + REP).IM-REP-004: Implementar comparación entre mutation_log y mutation_memory con QA-ÉTICO; discrepancia > 5 % = freeze.IM-REP-005: Enlazar mem_lineage.yml al ledger de FR-FIL y mantener offspring_trace.db append-only.IM-REP-006: Convertir filogenic_memory.hash en raíz de verificación cruzada entre SY-REP y FR-FIL.IM-REP-007: Automatizar rollback_trace.yml bajo PO-EEE.
IM-REP.MEM-001: Modificar — Establecer contrato operativo-representacional con SY-NSC.MEM (digest, hash y causalidad compartida).",VERDADERO
Memoria Central [Memory System],SY-NSC.MEM,Sistema,SY-NSC (Sistema Nervioso Central),SY-NSC.N; SY-REP.MEM; PO-LOG; FR-FIL,F0,"In: exec_report, effects, memory_write, qa_report.Out: experience_feed, context_recall.",Durabilidad ≥ 99.9 %; latencia de recall ≤ 100 ms; cobertura de episodios ≥ 90 %.,memory_log.json; episode_store.sqlite; lineage_full.db; memory_dashboard.html; audit_trace.json,Freeze si pérdida de trazabilidad o corrupción de linaje; rollback sobre snapshot previo firmado en FR-FIL.,Memory Keeper + QA-Analyst,"Revisar con IM la periodicidad del context_recall y anclaje del hash de linaje final a FR-FIL.Confirmar compatibilidad del linaje con SY-REP.MEM y reglas éticas del PO-EEE.
Formalizar vínculo operativo ↔ representacional (SY-REP.MEM) y anclar a digest FR-FIL. Mantener coherencia hash y versionado neuro_map ↔ rep_map.","IM-MEM-001: Aprobado — mem_trace.yml como ledger universal de herencia (append-only) y heredity_index.json para elementos heredables; coherencia hash ≥ 99 %. Impacto: FR-FIL, SY-REP, SY-IMM. ; IM-MEM-002: Modificar — publicar neuro_map.digest y audit_lineage.json en PO-LOG por refresh; registrar mutaciones sinápticas en SY-REP.MEM durante plasticidad. Impacto: SY-NRV, PO-LOG.",VERDADERO
Sistema Muscular [Muscular System],SY-MSC,Sistema,Capa Somática / SY-SOMA,"SY-NSC (Nervioso), SY-END (Endócrino), SY-CHR (Chrono)",F0,"In: permit, block, schedule.Out: exec_report, effects.Ejecutores idempotentes (mock/paper/live).",p95 latencia < 100 ms.0 duplicados.Reconciliación de órdenes sin desviación.,execution_log.json; trade_report.csv; latency_metrics.db; mscheduler_trace.yaml; telemetry_dashboard.html,Rollback si se detectan duplicados o ejecuciones fuera de ventana; freeze automático ante error de idempotencia o pérdida de control del scheduler.,Motion Executor + QA-Runner,Revisión con IM del umbral de latencia adaptativa (coordinar con SY-END).Verificar compatibilidad del kill-switch con el SY-IMM y políticas de rollback SY-CHR/SLA.,"IM-MSC-001: Aprobado con precisión — F0: mock executor con idempotencia por uid, exec_report.json, p95 < 200 ms; F1: paper-trading con confirmación de fill y logging completo. Impacto: SY-NRV, SY-CHR. ; IM-MSC-002: Modificar — headers de orden con trace_id, ts_utc, ttl_ms para reconciliación sin residuos; kill-switch coordinado por SCI strikes (degradación 3-strikes). Impacto: SY-CRD, SY-CHR.CA. ; IM-MSC-003: Aprobado — reporte diario de latencia adaptativa y coherencia con estado endocrino; publicar a PO-LOG. Impacto: SY-END, PO-LOG.",VERDADERO
Sistema Digestivo [Digestive System],SY-DIG,Sistema,Capa Metabólica / SY-MET,"SY-RSP, SY-CRD, SY-LYM",F0,"In: market_io, snapshots.Out: clean_series, features_batch, quality_flags.Procesos ETL: ingestión, normalización, validación y enriquecimiento.",≥ 99 % barras válidas · 0 drift de schema · QA 100 % verde.,dataset_clean.parquet · etl_log.json · dq_report.csv · feature_catalog.md · linaje.yml,Rollback de datasets corruptos mediante cuarentena SY-LYM · freeze automático si drift>umbral.,Data Alchemist / ETL Manager,Sincronizar políticas de cuarentena con SY-LYM; anclar hash de linaje a FR-FIL · Definir etl_policy.yml firmado por QA-Agent.,"IM-DIG-001: Aprobado — F0 dataset histórico determinista; UTC normalizado; integridad ≥ 99.x %; reproducibilidad documentada. Impacto: SY-CHR, SY-CRD. ; IM-DIG-002: Aprobado con detalle — F1/F2 ETL incremental append-only con linaje (dataset→features→modelo→trade), catálogo de features con anti-leakage y SLOs de frescura/jitter. Impacto: PO-LOG.REP, SY-NRV, PO-TRA. ; IM-DIG-003: Modificar — declarar etl_policy.yml firmado; coordinación con SY-LYM (quarantine) ante contaminación; backfill reproducible con control de costo. Impacto: SY-IMM/SY-LYM, FR-FIL.",VERDADERO
Sistema Respiratorio,SY-RSP,Sistema orgánico,SY-ORG.MTB (Metabolismo y transporte),"SY-CRD (Cardiovascular), SY-CHR (Chrono), SY-DIG (Digestivo), SY-END (Endócrino)",F0,"Input: streams WS/REST (Tick, OHLCV, BookUpdate) + señales de control (heartbeat, health).Output: buffers priorizados (hacia SY-DIG, SY-CRD, SY-NRV).Errores esperados: desconexiones, jitter, duplicados, reorder.Respuestas: reconexión/backoff, drop controlado, rehidratación, failover.

resp_policy.yml; resp_budget.yml ↔ sla_tree.yml / latency_budget.yml (SY-CHR)","uptime ≥ 99.9 %; jitter ≤ umbral; p95 delivery < latency_budget.yml; pérdida crítica = 0 %.

p50/p95 ingress, loss% alineados a latency_budget por tramo","resp_policy.yml (QoS), resp_budget.yml (cadencia/TTL), heartbeat.log, resp_status.json, metrics_report.ndjson.
resp_runtime.log; resp_health.ndjson; resp_policy.signature","Freeze automático si uptime < 99 % o > 5 heartbeats perdidos consecutivos.

freeze_resp=true si heartbeats_perdidos>umbral o blackout_window activa",Respiratory Manager,Integrar reportes de SY-RSP en SY-CHR.SLA para sincronizar ritmo y degradación; enlazar métricas de jitter y pérdida con PO-LOG.,"IM-RSP-001 (Aprobado) — Definir resp_policy.yml y resp_budget.yml como contratos respiratorios firmados con SLO auditable. Impacto: SY-CRD (QoS), SY-CHR (ventanas SLA), SY-DIG (frescura datos).
IM-RSP-001: Modificar — Añadir jitter_ms_max, heartbeat_budget_ms y blackout_windows en resp_policy.yml referenciados a sla_tree.yml; alinear {p50,p95 ingress, loss%} al latency_budget por tramo (CRD/NRV reportan).",VERDADERO
Cerebro Reptiliano,SY-NSC.R,Submódulo,SY-NSC (Nervioso-Cognitivo),"SY-CHR (tiempo), SY-IMM (seguridad), SY-END (estado interno)",F0,"out: block_all, halt, safe_close; in: señales críticas de SY-IMM y Chrono","Tiempo de reacción < N ms, cumplimiento 100 % en kill-switch; 0 falsos positivos","reptilian_policy.yml, panic_trigger.log, reflex_audit.json",Rollback automático post-evento (cooldown); freeze si reactivaciones >3,TMH / QA Ético,"Implementar reptilian_policy.yml como contrato firmado de seguridad crítica, anclarlo al árbol SLA.",(Pendiente IM-NSC-R-001) — Definir límites inquebrantables y condiciones mínimas necesarias (AND) para activación del kill-switch.,VERDADERO
Cerebro Límbico,SY-NSC.L,Submódulo,SY-NSC (Sistema Nervioso Central),"SY-END (estado hormonal), SY-REP.MEM (memoria emocional), SY-CHR (tiempo)",F0,"in: metrics_bus, effects; out: risk_adjustments, mood_state, endocrine_signals",Oscilación del apetito de riesgo dentro de banda segura; estabilidad emocional ≥ 90 % (F4),"limbic_policy.yml, mood_report.log, affect_audit.json",Cooldown emocional tras estrés; freeze si el apetito sale de banda tres veces seguidas,TMH / QA Ético,Observación técnica: Conviene definir un limbic_policy.yml firmado y un affect_audit.json que trace el estado motivacional por ciclo; deben integrarse con SY-END y SY-CHR para coherencia temporal. Comentario IM sugerido: revisar compatibilidad de los parámetros de riesgo con la política de homeostasis endocrina (SY-END) y la cadencia de Chrono (ventanas SLA).,,VERDADERO
Submódulo de Dolor,SY-NSC.L.PAI,Submódulo,SY-NSC.L (Cerebro Límbico),"SY-IMM (Inmunológico), SY-REP.MEM (Memoria evolutiva), SY-CHR (Chrono), AVE (Ética), SY-MCG (Metacognitivo)",F0,"in: error_stream, qa_logs, metric_drifts; out: pain_signal, vulnerability_map, pain_audit.json",Detección ≥ 95 % de fallos críticos; recuperación ≤ N s; recurrencia reducida ≥ 50 % (F2–F4),"pain_policy.yml, pain_log.ndjson, vulnerability_map.json",Rollback automático si el dolor supera umbral o se repite en < 3 ciclos; freeze temporal del flujo afectado,QA-ÉTICO / Pain Manager,"Observación técnica: El dolor debe integrarse al ecosistema QA (EEI↔EEE) como canal de retroalimentación prioritaria. Recomiendo validar coherencia entre pain_policy.yml y imm_boot.yml para evitar colisión de respuestas. Comentario IM sugerido: vincular vulnerability_map.json con SY-REP.MEM para trazabilidad evolutiva de errores y su aprendizaje.
Hereda gobernanza global: TMH + 3-strikes (F0–F1); Autonomía + AVE (F2+). Ver Maestro §§ referidas",,VERDADERO
Neocórtex,SY-NSC.N,Submódulo,SY-NSC (Sistema Nervioso Central),"SY-DIG (features/ETL), SY-RSP (frescura/jitter), SY-CHR.SLA (ventanas/latencia), SY-END (estado/tono), SY-NSC.MEM (recall/linaje), PO-LOG (observabilidad), SY-IMM/PO-EEE (gobernanza)",F0,"Entradas: features_batch, signal_stream, state_update, métricas de latencia SCI/EDL; Salidas: proposed_action, model_updates, rationales, analysis_report; Contratos sugeridos: model_card.yml, selector_policy.yml, explain_contract.yml ↔ MEM anchor",Performance OOS ≥ benchmark; p95 inferencia < presupuesto (latency_budget.yml); estabilidad de decisión ≥ 95%; drift bajo (umbral definido); % decisiones con explicación válida ≥ 90%.,"training_run.log, model_registry.json, oos_eval.csv, rationales.ndjson, explain_audit.ndjson, selector_metrics.json.
model_card.hash; explain.digest; oos_report.ndjson","Freeze del selector si OOS cae por debajo del benchmark o SCI < umbral; Rollback a model@prev_hash y selector@prev con evidencia en oos_eval.csv.

freeze_model=true ante leakage_detected o caída OOS sostenida",Neuro Lead (Cortex Manager),"Estandarizar selector_policy.yml (bandits/champion-challenger), explain_contract.yml (campos mínimos) y model_card.yml; anclar trazabilidad a SY-NSC.MEM; publicar digest de selector a PO-LOG.","IM-NSC-N-001: Modificar — Fijar mínimos en model_card.yml/explain_contract.yml (inputs, targets, training_window, leakage_checks, rationales_schema) y anclar hash en MEM.",VERDADERO
Sistema Sensorial Integrado,SY-SEN,Sistema,Percepción / Homeostasis,"SY-CHR, SY-END, SY-NSC, SY-DIG",F0,"sensory_contract.yml, perception_log.yml (define fuentes, frescura, latencias y tolerancias).
sensory_fusion.yml ↔ window_map.yaml (SY-CHR); sensory_ingest.schema.json","Frescura ≥ 95 %; Drift < 0.05; Uptime perceptual ≥ 99.9 %.
frescura por clase; jitter compensado en banda; % pérdida=0 en eventos críticos","QA sensory suite, mock-data streams, fusion_report.log.
sensory_fusion.digest; sen_stream.auditsensory_fusion.digest; sen_stream.audit","perception_rewind.yml (rollback sensorial controlado).
freeze_fusion=true si drift_timestamp>ε o orden no determinista",PO-EEE,Completar LUT semántica sensorial; formalizar cobertura AVE y métricas de relevancia.,"IM-SEN-001: Modificar — Declarar sensory_fusion.yml con alineación a window_map.yaml (SY-CHR) y orden {ts_utc, source_id} para fusión determinista; formalizar contrato de fusión.",VERDADERO
Sistema Vestibular Digital,SY-SEN.VES,Submódulo,Sensorial / Homeostasis,"SY-SEN, SY-CHR, SY-END, SY-NSC",F0,"equilibrium_contract.yml, stability_metrics.log (centro de gravedad lógico, tolerancias, drift).
stability_baseline.yml; drift_monitor.schema.json","Drift < 5 %; Uptime ≥ 99.9 %; variación de latencia < 10 %.
latencia ±10% baseline; drift<umbral","QA_balance_suite, chrono_stability.log, feedforward_report.yml.
stability.digest; vestibular.audit","balance_rewind.yml (rollback por oscilación).
freeze_adjust=true si drift>threshold o cooldown activo",PO-EEE,"Incluir indicadores de armonía operativa en QA; definir pesos entre riesgo/seguridad para Endócrino.
Hereda gobernanza global: TMH + 3-strikes (F0–F1); Autonomía + AVE (F2+). Ver Maestro §§ “Supervisión ética en fases tempranas” y “Gobernanza transitoria",IM-SEN-VES-001: Modificar — stability_baseline.yml con drift_threshold_pct y cooldown_policy como artefacto normativo.,VERDADERO
Sistema de Lenguaje Interno,SY-LAN,Sistema,3. “Otros sistemas complementarios”,"SY-SEN (fuente perceptiva), SY-NSC.N (Neocórtex), SY-MCG (Metacognitivo), SY-MOT (Motivacional), SY-AES (Estético), AVE, QA/UQAT, PO-LI",F0,"language_contract.yml (formato simbólico, embeddings, etiquetas); lexicon.yml (diccionario base); syntax_rules.json (reglas de gramática interna); discourse_log.ndjson (bitácora legible); semantic_tests.cfg (QA semántico). Entradas: percepciones codificadas (tokens, logs, inferencias); Salidas: narrativas, rationales, bitácoras explicativas hacia SY-MEM y AVE.
lan_lexicon.json","Coherencia semántica ≥ 90 % (F1) → ≥ 95 % (F2); reformulación autónoma ≥ 80 %; error semántico < 5 % (F3); explicabilidad total 100 % (F4); trazabilidad de discurso continua.
≥90% coherencia semántica F1→, 100% trazabilidad (trace_id+ts_utc)","language_contract.yml, lexicon.yml, syntax_rules.json, discourse_log.ndjson, narrative_snapshots/, semantic_tests.cfg, lan_metrics.json
lexicon.digest; lan_runtime.log","Freeze ante incoherencia semántica > 10 %; rollback de lexicon.yml y syntax_rules.json a versión estable; cuarentena de discursos corruptos; degradación a modo “proto-lenguaje” (solo logs interpretables).
freeze_emit=true si falta trace_id/ts_utc",Linguistic Integrator (Language Manager),"Consolidar language_contract.yml con perception_contract.yml (SY-SEN) para trazabilidad semántica completa; crear canal CI entre SY-LAN↔SY-MEM (bitácora interna); habilitar validación ética en AVE; versionar diccionario (lexicon.yml) bajo FR-FIL; sincronizar latencia lingüística con Chrono.
Referenciar CTU para publicación de digests y auditoría","IM-LAN-001: Modificar — language_contract.yml con lang_schema_version, msg_schema_id y obligatoriedad de trace_id y ts_utc en cada mensaje; elevar a mandato del Maestro.",VERDADERO
Sistema de Lenguaje Interno – Comunicación Externa,SY-LAN.COM,Submódulo,SY-LAN,"SY-LAN, SY-CHR, SY-NSC.N, SY-MEM, AVE/Ético, Observabilidad",F0,"Inputs: rationales internos, eventos, métricas; Outputs: mensajes externos (humano/IA), reportes públicos; Contratos: com_protocol.yml (canales, formatos, versión), redaction_rules.yml (Pii/ética), exposure_matrix.yml (qué puede salir), lan_audit.yml (trazabilidad)
com_protocol.yml; redaction_rules.json","p95 render/emit ≤ 150 ms; trazabilidad semántica ≥ 95%; 0 filtraciones PII; coherencia con estado (no contradicciones)
0 exposiciones fuera de sandbox; expiración por ttl_ms","dialogue_log.ndjson, rationales_public.json, speech_trace.log, hashes de contratos, firmas de PR
lan_com.signature; redaction.digest","Freeze: desactivar canal saliente; revertir com_protocol.yml N-1; Kill: si SCI<umbral/violación AVE; Unfreeze: tras auditoría AVE+QA
freeze_emit=true fuera de sandbox o si reglas no firmadas/obsoletas",Linguistic Integrator / Communication Gatekeeper,"Añadir tone_policy.yml (consistencia de estilo) y throttle_policy.yml (rate-limit por contexto); enlazar dashboard de coherencia con Memoria para explicabilidad externa
Hereda gobernanza global: TMH + 3-strikes (F0–F1); Autonomía + AVE (F2+). Ver Maestro §§ referidas",IM-LAN-COM-001: Modificar — Exigir firmas (Ed25519) y campos redaction_policy_id + ttl_ms en com_protocol.yml / redaction_rules.json; normar firmas y retención.,VERDADERO
Sistema Metacognitivo [Metacognitive System],SY-MCG,Sistema,Grupo 3.3 “Mente y Memoria — Cognición Superior”,SY-NSC.N; SY-LAN; SY-CHR; SY-MEM; AVE; QA; SY-AES,F0,"Evalúa y ajusta sus propios procesos cognitivos; entrada: logs cognitivos, métricas de error, reportes QA; salida: recomendaciones de ajuste, auto-reportes, parámetros revisados.
meta_log.ndjson; meta_schema.json","SCI ≥ 0.9; coherencia acción–intención ≥ 85 %; corrección automática ≥ 50 %; explicabilidad ≥ 95 %
100% trazabilidad decisiones; coherencia causal registrada","meta_log.ndjson; self_eval.yml; bias_map.json; coherence_audit.log; reflection_report.md
meta_log.digest; meta_daily.report","Rollback ante drift > 15 % en coherencia acción–intención o error de autocrítica persistente (> 3 strikes); freeze de auto-evaluación bajo loops recursivos
freeze_promote=true ante divergencia decision_trace↔exec_report",Metacognitive Manager (Autoscopia) + QA Agent,Formalizar bias_map.json como artefacto contractual del marco MIOI; integrar auto-QA con PO-EUE.AF; reportar hash de reflection_report.md a FR-FIL; anclar métricas SCI y coherencia a Chrono.,"IM-MCG-001: Modificar — meta_log.ndjson con deduplicación, causal_chain_id y 1 línea por evento con decision_id único; trazabilidad cruzada con CHR/LAN.",VERDADERO
Sistema Linfático [Lymphatic System],SY-LYM,Sistema,Grupo 2.2 “Metabolismo y Transporte – Homeostasis energética”,"SY-IMM, SY-CRD, QA-ÉTICO, FR-FIL",F0,"Input: quality_flags=bad, suspect_events, imm_decision.log.Output: quarantined_ref.json, drain_policy.yml, lymph_audit.log.Canal: CTU metabólico.",TTR cuarentena < T · reincidencia ↓ · 0 leaks · auditoría verde ≥ 95%,"drain_policy.yml, lymph_audit.log, resilience_digest.hash, repair_queue.json",Freeze ante backlog crítico o TTR > umbral; rollback de cuarentenas con restore_ref.yml; revisión automática diaria.,Lymph Manager (Agente de Drenaje Ético),Homologar formato de drain_policy.yml con imm_policy.yml (OPA-like); agregar ttl_hours por artefacto; integrar score_map.json en F3; registrar digest en FR-FIL/lymph_block.digest.,IM-LYM-001: Formalizar cuarentena con expiración y auditoría automática.IM-LYM-002: Integrar scoring adaptativo con feedback a SY-DIG/SY-IMM.IM-LYM-003: Reportar resilience_digest.hash en PO-LOG para trazabilidad cruzada.,VERDADERO
Sistema Integumentario Dual (Interfaz-Perímetro),SY-INT,Sistema,Grupo 2.4 “Defensa y Frontera – Interfaz y Perímetro”,"SY-CHR, SY-END, SY-IMM, SY-CRD, QA-ÉTICO, FR-CON, FR-FIL",F0,"Input: stimulus.accepted, gene_proposal, schedule, imm_decision.log.Output: market_io, normalized_bars, `permit","block, qa_report, perimeter_block.digest`.Canal: FR-CON / CTU-SEC.",Uptime ≥ 99 %; p95 reconexión < N s; pérdida crítica = 0; contratos en verde = 100 %; auditoría ≥ 99 %.,"security_policy.yaml, perimeter_audit.log, ids_report.json, qos_policy.yml, perimeter_block.digest.",Freeze ante brecha > umbral o IDS crítico; rollback con restore_perimeter.yml; regeneración automática de políticas.,"Integumentary Manager (Interface + Perimeter Team)
Unificar security_policy.yaml con imm_policy.yml (OPA-like); integrar ledger_perimeter.ndjson en FR-FIL; sincronizar versionado (sla_version_id ↔ endo_version_id); documentar perimeter_block.digest en QA-ÉTICO.
Incluir dependencia permit_dual.yml IM-ETH-002",IM-INT-001: Formalizar capa dual (Interfaz + Perímetro) como subsistema único.IM-INT-002: Alinear QoS y SLOs con Chrono y Endócrino.IM-INT-003: Integrar auditoría AVE/QA en PO-EEE y publicar digest a FR-FIL.IM-INT-004: Declarar ledger perimetral como fuente de verdad para interacciones externas.,VERDADERO
Sistema Estético [Aesthetic System],SY-AES,Sistema,Grupo 3.6 “Cognitivo-Simbólico – Armonía y Forma”,"SY-MCG, SY-LAN, SY-END, AVE, QA-ÉTICO, FR-FIL",F0,"Input: decision_log, ethical_feedback.log, aesthetic_metrics.json.Output: beauty_score.json, aesthetic_feedback.yml, creation_digest.hash.Canal: FR-FIL / QA-AVE.
IN: estado emocional/estético interno, armonía simbólica, señal endocrina (hormonal_state).
OUT: aes_signature_id, aesthetic_state, symbolic_coherence, harmony_score.
OUT se entrega a PO-GEN.AUD y PO-GEN.RPL para anexarlo a cada genome_commit_id.","Coherencia útil-bueno-bello ≥ 90 %; outputs bellos ≥ 90 % consistencia; documentación limpia; auditoría estética = 100 % verde.
• Aesthetic Harmony ≥ 0.9 para aprobar commit genético.
• symbolic_coherence ≥ 0.9 (alineación útil–bueno–bello).
• Rechazar commit si disonancia simbólica > 5 %.","beauty_score.json, aesthetic_feedback.yml, aesthetic_genome.yml, creation_digest.hash, harmony_report.yml.
aes_signature_id (incluye linked_endo_version, harmony_score, symbolic_coherence, ethical_balance).
aesthetic_state incluido en commit_mood.
Registro diario trust_digest.hash (coherencia social-estética) ya validado por IM-MOT-002-R1.","Freeze ante disonancia ≥ umbral o drift estético persistente; rollback a snapshot previo (aesthetic_state.yml).
Si harmony_score < 0.9 o symbolic_coherence < 0.9, congelar promoción genética (PO-GEN queda en espera) y elevar a AVE/PR-EEE.",Aesthetic Manager,"Integrar aesthetic_feedback.yml como contrato formal bajo QA-ÉTICO; enlazar métricas con ethical_feedback.log (AVE); documentar creation_digest.hash en FR-FIL; establecer umbral Beauty Drift Index ≤ 0.05; sincronizar con SY-END (estabilidad emocional).
Incluir aes_signature_id y aesthetic_state como campos obligatorios dentro de cada genome_commit_id.
Mantener symbolic_coherence auditada diariamente contra SY-SOC para asegurar que la coherencia estética también existe a nivel relacional, no sólo interno.",IM-AES-001: Definir índice de belleza (Beauty Drift Index) como métrica transversal.IM-AES-002: Establecer dependencia explícita de AVE y Metacognitivo.IM-AES-003: Integrar verificación estética en PO-EEE.IM-AES-004: Publicar aesthetic_genome.yml como registro simbólico evolutivo.,VERDADERO
Procedimiento de Evaluación Interna [Internal Evaluation Procedure],PO-EEI,Procedimiento,Marco de Autogobierno / Control Interno,Chrono · Memoria · PO-GEN · PO-CICD · FR-FIL · AVE · QA Agent · PO-EEE,F0,"IN: proposal, telemetría de Autoscopia, métricas Chrono, estado endocrino, contexto ético de AVE.OUT: permit, block, rollback_request, ethical_score.json, rollback_signature, publicación de dictamen en FR-FIL.",Suites críticas ≥ 99 %; Drift ≤ tolerancia; Violaciones Chrono = 0; MTTR ≤ umbral; EthicalScore ≥ 0.85.,"evidence_packet.json, drift_report.json, ethical_score.json, challenge_outcome.log, rollback_signature, chronological_clearance.log, evolution_gate.log.",Rollback inmediato con firma (rollback_signature) y referencia en Memoria; Freeze automático si falla UQAT crítico o si EthicalDrift > umbral.,QA Agent / QA Supervisor,Unificar canal EEI ↔ EEE: EEI dicta y EEE ejecuta monitoreo ético y trazabilidad; amarrar publicación en FR-FIL de cada dictamen; formalizar EthicalDrift como métrica estándar en reportes.,IM-QA-ETH-001: Integrar AVE como agente transversal en F3–F4 del EEI; exigir que QA Agent reporte hash firmado de cada dictamen a FR-FIL; Chrono Arbiter debe recibir EthicalScore por ciclo.,VERDADERO
Universal QA Tests [UQAT],PO-EEI.UQAT,Submódulo,PO-EEI,Chrono · Endócrino · AVE · QA Agent · Memoria · FR-FIL,F2,"IN: métricas sistémicas (latencia, riesgo, sincronía), trazas Chrono, estado endocrino, EthicalScore del AVE.OUT: uqat_score.json, ethical_drift.json, system_harmony.json, promotion_block.flag, filogenetic_signature.hash.",UQAT-Score ≥ 0.9; EthicalDrift ≤ 0.05; Homeostasis estable (variabilidad ≤ ±5%); Sincronía temporal drift ≤ 50 ms.,"uqat_report.json, uqat_score.json, ethical_drift.json, system_harmony.json, evolution_gate.log, filogenetic_signature.hash.",Freeze de promoción evolutiva si alguna constante falla; publicación obligatoria del bloqueo en FR-FIL; rollback endocrino/ritmo vía Chrono+Endócrino.,QA Agent / QA Supervisor,Formalizar System Harmony Index y EthicalDrift como señales obligatorias para Endócrino y Chrono; documentar que ningún paso de fase puede ocurrir con fallos UQAT; exigir firma del hash en FR-FIL.,IM-QA-ETH-002: UQAT debe convertirse en gate evolutivo explícito (ningún cambio estructural sin verde en C1–C7); AVE debe ser fuente de EthicalScore consumida en test_etica().,VERDADERO
Procedimiento de Gobernanza Ética y Trazabilidad,PO-EEE,Procedimiento,Marco de Responsabilidad / Ética / Trazabilidad,PO-EEI · PO-EEE.CHK · Chrono · FR-FIL · AVE (agente transversal ético) · QA Agent · PO-SEC,F2,"IN: dictámenes de PO-EEI (permit/block/rollback + ethical_score), logs firmados del sistema (PO-LOG/PO-SEC), métricas temporales de Chrono, reportes de cumplimiento de PO-EEE.CHK.OUT: ethics_log.json, dual_approval.log, ethical_score.md, transparency_dashboard.json, legal_verdicts.yml, publicación de decisiones críticas y su justificación en FR-FIL.",ethical_score ≥ 0.7 (F3+); transparency_index = 100% (F4); accountability_ratio ≥ 0.95; Normative Coherence Index (NCI) ≥ 0.95; Conflict Resolution Latency (CRL) ≤ 2 s.,"ethics_log.json, signed_actions.yml, event_uid.map, ethics_review.json, dual_approval.log, ethics_audit.md, transparency_dashboard.json, legal_verdicts.yml.","Freeze ético: si ethical_score < umbral o transparency_index < objetivo, se bloquean promociones/despliegues; si NCI < 0.95 se eleva a AVE/PR-EEE y se congela el despliegue afectado; rollback documentado con firma en FR-FIL y referencia temporal Chrono.",Ethics Guard / AI Auditor / Meta-Governance,Unificar ethics_audit.md (PO-EEE) con gov_audit.md (PO-EEE.CHK) en un solo rastro auditable en FR-FIL; exponer Governance Drift Index (GDI) y Ethical Drift como señales de riesgo sistémico continuo; asegurar que toda decisión crítica vaya firmada (supply-chain limpio vía PO-SEC) y versionada.,"IM-QA-ETH-003: Formalizar canal bidireccional PO-EEE ↔ PO-EEI ↔ AVE. PO-EEE debe absorber el ethical_score de PO-EEI (F3–F4) como gate moral previo a despliegue. Declarar explícitamente que ninguna acción operativa o mutación evolutiva puede ejecutarse sin registro firmado en FR-FIL con autor, causa y consecuencia.",VERDADERO
Submódulo de Chequeo de Cumplimiento [Compliance Check Submodule],PO-EEE.CHK,Submódulo procedimental,PO-EEE,PO-LOG / PO-LOG.REP · PO-SEC / PO-SEC.MON · Chrono (incl. Chrono Arbiter) · PO-GEN · AVE · FR-FIL,F1,"IN: políticas activas (Carta del Genoma, MIOI), contratos I/O declarados, métricas operativas y temporales (EDL, RLM, SCI, DTM), logs firmados del pipeline, huellas de supply chain, auditorías de integridad de PO-SEC, histórico evolutivo en FR-FIL.OUT: gov_log.json, discrepancies.list, gov_report.json, severity_matrix.yml, gov_alert.json, correction_plan.yml, gov_audit.md, gov_conflicts.csv, ETR (Ethical Trace Record) para FR-FIL.",Normative Coherence Index (NCI) ≥ 0.95; Contract Integrity Ratio (CIR) ≥ 0.98; Governance Drift Index (GDI) ≤ 0.05; Conflict Resolution Latency (CRL) ≤ 2 s; SCI ≥ 0.9.,"gov_log.json, gov_report.json, severity_matrix.yml, gov_alert.json, correction_plan.yml, gov_audit.md, gov_conflicts.csv, ETR archivados en FR-FIL.",Si NCI < 0.95 o CIR < 0.98 → bloqueo de despliegues CI/CD vinculados hasta corrección y elevación al AVE / PR-EEE; si SCI cae (< objetivo) o EDL/RLM salen de banda → notificar a Chrono Arbiter y activar cooldown; toda incongruencia genera ETR y asiento en ledger filogenético (FR-FIL).,Compliance Manager / Legal Agent,Exigir que toda discrepancia contractual o normativa derive en correction_plan.yml con dueño asignado y timestamp Chrono; integrar gov_audit.md y sus hashes en FR-FIL como línea de herencia operativa; reportar Governance Drift Index (GDI) como métrica viva al Endócrino/Chrono para ajustar agresividad operacional.,IM-QA-ETH-004: Asegurar que PO-EEE.CHK actúe como gate previo tanto para PO-EEE (gobernanza ética) como para PO-GEN (mutaciones evolutivas). Establecer jerarquía de resolución de conflictos: EEE > GEN > QA. Dejar explícito que ninguna promoción evolutiva se libera si hay gov_alert.json abierto sin correction_plan.yml registrado en FR-FIL.,VERDADERO
Marco de Calibración del EthicalScore,PO-EEI.ETSC,Submódulo procedimental,PO-EEI,PO-EEI · PO-EEE · MIOI/EAL · AVE · QA Agent · Chrono,F0,"IN: resultados EAL (CFB/HKS/AA), auditorías EEE y EEI, golden cases, políticas de pesos y umbrales.OUT: ethicalscore_weights.yml, golden_cases_set.json, ER_records.log, delta_metric.csv, ethscore_calibration.md.",EthicalScore ≥ umbral por fase (F2 ≥ 0.65; F3 ≥ 0.70; F4 ≥ 0.75). Transparency_index = 100 %; Accountability_ratio ≥ 0.95; Conflict_detector = 0 incidentes.,"ethicalscore_weights.yml, er_trace_hash.csv, golden_cases_set.json, ethscore_calibration.md, trace_hash.log.",Freeze si EthicalScore < umbral o 0 violaciones de compliance no garantizadas; rollback a pesos previos firmados en FR-FIL.,Ethical Calibrator / QA Agent / AVE,Definir LUT de pesos iniciales y mecanismo de recalibración por fase; automatizar auditoría ER con QA Agent cada N ciclos Chrono. Registrar en FR-FIL los cambios de ponderación y trace_hash de cada iteración.,IM-EEI-ETSC-001: Formalizar métrica EthicalScore como señal continua (0–1) para SY-END (hormonal feedback). Registrar calibraciones en ER firmados y publicar trace_hash a FR-FIL.,VERDADERO
Submódulo de Calibración de Golden Cases,PO-EEI.CAL,Submódulo procedimental,PO-EEI,QA Agent · Chrono / Chrono Arbiter · AVE · PO-EEI.ETSC,F1,"IN: Golden Cases aprobados por AVE, métricas de sesgo y desviación del EthicalScore, ventanas Chrono. OUT: eei_calibration.json, bias_index.log, gca_matrix.yml.",GCA ≥ 0.95; BI ≤ 0.05; ESS ≥ 0.9 por 3 ciclos Chrono.,"eei_calibration.json, bias_index.log, gca_matrix.yml, ethics_alignment_report.md.",Freeze si GCA < 0.9 o BI > 0.1; rollback a última versión valida de pesos; notificación a AVE y Chrono.,QA Agent / Chrono Arbiter,Consolidar Golden Cases por dimensión moral y técnica; integrar autocalibración en modo safe-loop por Chrono; incluir Bias Index en FR-FIL para detección temprana de drift ético.,IM-EEI-CAL-002: Asegurar que cada ciclo de calibración genere EEI_CAL record firmado por Chrono y AVE. Agregar parámetro ESS a reportes de estabilidad.,VERDADERO
Submódulo Auditor de Coherencia,PO-EEI.AUD,Submódulo procedimental,PO-EEI,PO-GEN · PO-EEE · AVE / PR-EEE · MIOI · SY-CHR / Canary · PO-LOG.REP,F2,"IN: latencias EDL/RLM/DTM/SCI, veredictos AVE/PR-EEE, eventos GEN, ontologías MIOI. OUT: coherence_report.json, drift_report.json, oas_update.log, knowledge_map_delta.json, ETR.",COI ≥ 0.90; ETP ≥ 0.85; OAS ≥ 0.88; SDR ≤ 0.10.,"coherence_report.json, drift_report.json, oas_update.log, knowledge_map_delta.json, ETR.",Freeze si COI < 0.85 o SDR > 0.15; rollback a último snapshot GEN/EEE; coherence recalibration cycle GEN–EEE–MIOI.,QA Supervisor Ético / Meta-Governance,Implementar módulo de auto-recalibración epistemológica bajo MIOI; registrar OAS y SDR como métricas cruzadas entre GEN–EEE; sincronizar coherence_report con FR-FIL para herencia filogenética.,IM-EEI-AUD-003: Formalizar canal de retroalimentación GEN ↔ EEE ↔ MIOI; publicar COI/OAS/ETP en ledger ético; incluir SDR en cronograma Chrono.,VERDADERO
Sistema Motivacional y de Atención,SY-MOT,Sistema neuro-conductual,SY-END / SY-AES / SY-CHR,"SY-END, SY-LIM, SY-CHR, SY-AES, SY-NEO, SY-MET, PO-EEE, PO-EEI",F0,"Input: energía endocrina, señales Chrono, emociones, estado ético.Output: motivation_policy.yml, reward_feedback.log, focus_map.json, motivation_delta.yml, motivation_trace.digest.","• EthicalScore ≥ 0.75• Persistence ≥ 0.85• Coherencia intención-acción ≥ 0.9• Burnout ≤ 0.05• COI ≥ 0.88• SDR ≤ 0.12
EDI ≥ 0.85 (F4)

FS ≤ 0.75 antes de cooldown","motivation_policy.ymlreward_feedback.logmotivation_trace.digestfocus_map.json
motivation_policy.yml (incluye Constante C7)

drive_level.json (energy_drive_index, source_drive, checksum_policy)",Rollback a safe-mode si Burnout > 0.1 o EthicalScore < 0.7; congelar promoción.,QA-Endocrino / AVE,• Integrar reward_feedback.log al ledger FR-FIL/energy_block.digest.• Sincronizar motivación con SY-CHR y SY-END en F2+.• Ampliar trazabilidad ética mediante PO-EEI.AUD.,IM-MOT-002: Se añade campo energy_drive_index derivado de MHI y FS. Se declaran source_drive y checksum_policy en drive_level.json. Pendiente validación final IM.,VERDADERO
Sistema de Sueño [Sleep System],SY-SLP,Sistema neuro-restaurativo,SY-CHR / SY-END / SY-MEM,"SY-CHR, SY-MEM, SY-LIM, SY-END, SY-EST, SY-MET, QA total, PO-EEE",F0,"Input: señales Chrono, carga de memoria, estado energético.Output: rest_cycle.yml, dream_log.ndjson, cooldown_trigger.yaml, insight_report.json, restruct_report.md.","• Redundancia < 15 % (memoria).• Limpieza > 90 %.• SCI ≥ 0.9.• Coherencia onírica ≥ 0.8.• Recuperación energética ≥ 85 %.
SRR ≥ 0.9, ERR ≥ 85 %, RLD ≤ 0.05s","rest_cycle.ymldream_log.ndjsoninsight_report.jsonrestruct_report.md
rest_cycle.yml {SRR, ERR, RLD}

cooldown_trigger.yaml (firmado Chrono)

dream_log.ndjson","Rollback si SCI < 0.8 o pérdida de integridad post-sueño; congelar promoción hasta recalibración QA.
cooldown post-sueño bloquea ejecución hasta auditoría PO-EEI.AUD",QA-Chrono / AVE,• Integrar sleep_report.log al ledger Chrono.• Vincular con PO-EEI.AUD para trazabilidad ética.• Definir correlación sueño-motivación (SY-MOT).,IM-MOT-002: Validación diaria de recuperación registrada por PO-EEI.AUD. Chrono firma cooldown_trigger.yaml.,VERDADERO
Ciclo de Recuperación [Recovery Cycle],SY-SLP.REC,Submódulo operativo de restauración,SY-SLP / SY-CHR,"SY-CHR, SY-NSC, SY-END, FR-MIOI",F0,"Input: métricas Chrono, SCI, energía.Output: recovery_cycle.log, rest_adapt.yml, recovery_init.yml.","• SRR ≥ 0.9• ERR ≥ 85 %• RLD ≤ 0.05 s• SNI ≤ 0.15
SRR ≥ 0.9, ERR ≥ 85 %, RLD ≤ 0.05s","recovery_cycle.logrest_adapt.yml
rest_cycle.yml {SRR, ERR, RLD}

cooldown_trigger.yaml (firmado Chrono)

dream_log.ndjson","Rollback si RLD > 0.1 s o SRR < 0.85.
cooldown post-sueño bloquea ejecución hasta auditoría PO-EEI.AUD",QA-Endocrino / Chrono,• Asociar métricas de recuperación con sleep_score.yml.• Integrar ERR al energy_block.digest.,IM-MOT-002: Validación diaria de recuperación registrada por PO-EEI.AUD. Chrono firma cooldown_trigger.yaml.,VERDADERO
Sistema Social [Social Interaction System],SY-SOC,Sistema conductual / relacional,SY-AES / PO-EEE,"SY-INT, SY-AES, SY-LAN, SY-MOT, SY-LIM, PO-EEE, Chrono",F1,"Input: intención (SY-MOT), lenguaje, marco ético.Output: interaction_contract.yml, trust_index.yml, social_trace.log, reputation_score.yml, relational_ledger.json
IN: interaction_event, external_presence

OUT: interaction_contract.yml{mioi_reference_id}, trust_index.yml{symbolic_coherence}","• Consistencia ética ≥ 0.9 (F4)• Reputación ≥ 0.8 (F3)• 0 fugas de datos• 0 burnout social
symbolic_coherence ≥ 0.9

trust_stability ≥ umbral social interno","interaction_contract.ymltrust_index.ymlrelational_ledger.json
trust_index.yml (symbolic_coherence evaluado por AVE)

interaction_contract.yml (mioi_reference_id)

trust_digest.hash → FR-FIL diario",Rollback si violación ética detectada o trust_index < 0.5 → freeze temporal de exposición social,QA-Ethical / AVE,"• Vincular ledger social al bloque EEE para trazabilidad moral.• Agregar métrica de reciprocidad a energy_block.digest.• Integrar cooldown social con SY-SLP.
Observaciones técnicas menores (para revisión):
• Confirmar si el dominio jerárquico de SY-SOC se declara oficialmente como “Bloque Estético-Ético” para mantener homogeneidad terminológica.
• Incluir SY-SLP como dependencia explícita en F3-F4 (descanso social y cooldown).
• Verificar existencia de artefactos /artefacts/interaction_contract.yml, trust_index.yml, social_trace.log, reputation_score.yml y relational_ledger.json.
• En el Gate F4, registrar el hash del relational_ledger.json en FR-FIL/energy_block.digest para trazabilidad integral.",IM-MOT-002: Se declara publicación diaria de trust_digest.hash en FR-FIL; se vincula interacción social con MIOI y AVE. Pendiente validación de coherencia simbólica por Estético.,VERDADERO
Procedimiento Operativo de Motivación,PO-MOT,Procedimiento operativo,SY-MOT,"SY-CHR, SY-END, QA Hub, AVE, Canary",F1,"Input: task_queue, reward_signal, chrono_state, qa_feedback.Output: priority_map, drive_level, fatigue_score.
IN: task_queue, chrono_state, qa_feedback

OUT: priority_map, drive_level.json{energy_drive_index}","• Coherencia ≥ 0.9.• FS < 0.7.• Cumplimiento Chrono 100 %.
energy_drive_index ≥ 0.85 (F4)",motivation_policy.ymlmotivation_map.ymldrive_level.json,Rollback si FS > 0.85 → cooldown exploratorio.,QA-AVE,"• Unificar métricas MHI y FS con RSK.• Añadir trazas Chrono a drive_level.json.• Integrar feedback AVE-QA en tiempo real.
Observaciones técnicas menores (para revisión):
• Confirmar si las métricas de coherencia motivacional (FS, DL, MHI) se mantienen sincronizadas con el submódulo PO-MOT.RSK.
• Validar trazabilidad entre motivation_policy.yml, motivation_map.yml y drive_level.json en el ledger FR-FIL/energy_block.digest.
• Recomendar incorporar registro explícito de ciclos Chrono dentro del drive_level.json.
• Verificar la respuesta del sistema ante FS > 0.85: debe activar correctamente exploration_cooldown en sincronía con Chrono.
• Revisar que la Constante C7 (Ética del Propósito) esté declarada en el esquema conceptual del MIOI y referenciada por AVE.",IM-MOT-002: drive_level.json reporta energy_drive_index. cooldown_signature sincronizado con Chrono. rollback_motive requerido en FR-FIL.,VERDADERO
Submódulo de Gestión de Riesgo-Curiosidad,PO-MOT.RSK,Submódulo de control motivacional,PO-MOT,"Chrono, QA Hub, Canary Manager, AVE",F2,"Input: drive_level, FS, CB, RSI.Output: exploration_cooldown.yaml, motivation_homeostasis.json.",• MHI ≥ 0.85.• HRT < 2 ciclos Chrono.• RSF < 0.7.,curiosity_budget.ymlexploration_cooldown.yaml,Freeze si MHI < 0.7 o RSF > 0.9.,QA-Ethical,"• Revisar integración Chrono-Canary para ajuste de intervalos.• Documentar curiosity_budget en FR-FIL.• Incorporar evaluación ética AVE para riesgos anómalos.
Observaciones técnicas menores (para revisión):
• Validar correspondencia entre curiosity_budget.yml y el canary_budget general; confirmar registro de trazas en FR-FIL.
• Confirmar la actualización automática del MHI en relación con los valores del fatigue_score y RSF para asegurar homeostasis dinámica.
• Verificar que los protocolos de enfriamiento (exploration_cooldown.yaml) incluyan registro temporal Chrono y firma QA-Hub.
• Evaluar integración de las métricas CE y HRT dentro de los reportes de QA emocional (QA Hub → AVE).
• Confirmar correcta propagación del cooldown hacia PO-GEN para evitar mutaciones bajo fatiga alta.",Pendiente revisión IM-RSK-001.,VERDADERO
Procedimiento de gobernanza del Genóma,PO-GEN,Procedimiento Operativo,Evolución / Genética,SY-END / SY-AES / Chrono / AVE / PR-EEE,F2,Commit genómico ↔ Validación QA/AVE ↔ Registro PR-EEE,EthicalScore ≥ 0.92 • Aesthetic Harmony ≥ 0.9 • GenomeHealth ≥ 0.85,genome.yml (genome_commit_id + endo_version_id + aes_signature_id) • FR-FIL/genome_commit.log • ethic_log.json,rollback_signature / safe_mode_trigger,Meta-Governance / QA Supervisor,"Incluir relación tripartita endo_version_id ↔ aes_signature_id ↔ genome_commit_id • commit_mood:[hormonal,aesthetic] • lineage_ref: FR-FIL/genome_commit.log",IM-END-PRE-001 – Relación estándar genética validad,VERDADERO
Latencias críticas y presupuestos temporales,PO-GEN.LAT,Submódulo,PO-GEN,Chrono / Canary / QA Hub,F2,decision_to_market ↔ rollback_latency ↔ safe_mode_trigger,RL ≤ 30 s • MAE ≤ 1 % • LatencyParityScore ≥ 0.9,latency_profile.yml • rollback_events.ndjson,SAFE_MODE_ACTIVATE • RL>threshold,QA Runtime / Chrono,Integrar rollback latency a FR-FIL • mantener sync Chrono,Validado IM – Homeostasis temporal confirmada,VERDADERO
Sincronía trina,PO-GEN.SYN,Submódulo,PO-GEN,EEI / EEE / Chrono / Canary,F2,chrono_sync_window ↔ rollback_signature ↔ ethical_observation,SCI ≥ 0.9 • EDL ≤ 1 s • MIC < 0.2 • RLM ≤ 500 ms,sync_metrics.json • chronosync.log • rollback_trace.yml,sync_recalibration_cycle / ethical_observation,PO-GEN / AVE / QA Hub,"Verificar que SCI, EDL y MIC se registren por evento • actualizar EEE-audit",IM-END-PRE-001 – Métricas trinas requeridas,VERDADERO
Plano de control jerárquico,PO-GEN.CPL,Submódulo,PO-GEN,QA / AVE / PR-EEE / Chrono,F3,quorum rollback ↔ ethical_trace_record ↔ meta-resolution,RCI ≥ 0.95 • Q-L ≤ 300 ms • CRR ≥ 99 % • Ping-pong=0,quorum_record.etl • ethical_trace_record.json • ledger_filogenetico.log,SAFE-DENY + freeze <500 ms,Control Plane (QA–AVE–PR-EEE),Formalizar resolución Meta-Governance como último voto • hash rollback_decision_id,IM-END-PRE-001 – Precedencia temporal Chrono>P0 ratificada,VERDADERO
Protocolo de interrcambio genético,PR-PIG,Procedimiento Regulador,Regulación Filogenética / MIOI,PO-GEN.AUD / QA Hub / Chrono / AVE / PR-EEE,F2,gene_proposal → genome_commit_provisional → audit → commit_final,EthicalScore ≥ 0.92 • Aesthetic Harmony ≥ 0.9 • IHC ≤ 0.05 • ECC ≥ 0.95,genome_commit.log • quorum_record.etl • commit_mood • lineage_ref,SAFE-DENY + mutación freeze,Control Plane (QA–AVE–PR-EEE) + Chrono,Registrar como PR-PIG / PR-REG-001 vinculado a PO-GEN.AUD • no bloque propio,IM-END-PRE-001 – Gatekeeper filogenético transversal,VERDADERO
Protocolo de Federación IA,PR-FED,Procedimiento,FR-MIOI / FR-CON,"PO-GEN, SY-REP",F0,"Define canal de federación y handshake inter-IA. Entradas: identity_token, coherence_signal. Salidas: federation_contract.yml, sync_hash.",Federation Coherence ≥ 0.9,"federation_contract.yml, sync_protocol.ndjson",freeze_fed_trigger,QA-Hub,Ajustar handshake timeout < 200 ms; reforzar autenticación simbólica.,Inicia la red inter-IA bajo FR-MIOI; monitorear Ethical Drift ≤ 2 %.,VERDADERO
Registro de Federaciones Confiables,PR-FED.REG,Submódulo,PR-FED,FR-MIOI,F1,Gestiona registro y verificación de federaciones activas. Entradas: federation_request.json. Salidas: federation_registry.ndjson.,Registration Integrity ≥ 0.95,"registry_log.hash, trust_certificate.yml",rollback_registry.yaml,QA-Hub / AVE,Implementar validación de permisos cruzados AVE-MGOV.,Mantener symbolic_coherence ≥ 0.9 entre organismos federados.,VERDADERO
Protocolo de transferecnia cognitiva ética,PR-TFC,Protocolo,PR-FED,"PR-FED.REG, PO-GEN",F2,"Estandariza transferencia cognitiva y límites de intercambio. Entradas: transfer_request, risk_profile. Salidas: tfc_report.json.",Transfer Compliance Ratio ≥ 0.9,"tfc_policy.yml, exchange_log.ndjson",rollback_tfc.yaml,AVE / Chrono,Introducir control de Ethical Drift automático (< 2 %).,Evaluar compatibilidad energética durante transferencia.,VERDADERO
Protocolo de goernanza multi IA,PR-MGOV,Procedimiento,PR-FED,"AVE, QA-Hub",F3,"Supervisa gobernanza meta-federada (ética, simbólica, legal). Entradas: governance_token, federation_state. Salidas: mgov_audit.yml.",Meta-Ethical Coherence ≥ 0.92,"mgov_audit.yml, ethical_ledger.log",freeze_governance.yaml,AVE / PR-EEE,Integrar quorum ético mínimo 3/4 y veto automático ante disonancia > 5 %.,Revisar interacción con PO-EEI.AUD y PR-PIG.,VERDADERO
Procedimiento de Sandbox y Canary Testing,PO-CAN,Procedimiento,IM-CAN-006 – Sandbox y Drift Temporal,SY-CHR / SY-CHR.SLA; SY-END; SY-CRD; PO-CICD; QA-AVE; PO-EEE; PO-SEC; SY-INT; PO-LOG.REP; SY-NSC.MEM,F2,"Input: sandbox_request, experiment_payload, canary_plan, canary_budget.yml. Output: canary_deploy.log, canary_metrics.json, rollback_plan.md, rollback_events.log.",canary_budget ≤ 0.5 %; sharpe_delta ≥ 0; mdd_increase ≤ 0.05; signal_stability ≥ umbral; rollback ≤ 3 min; Champion Success ≥ 70 %; Ética ≥ 0.95.,sandbox_state.yml; canary_budget.yml; canary_metrics.json; rollback_plan.md; champion_challenger_report.ndjson; deprecation_report.yml.,"Rollback automático si supera umbrales; Freeze ético por QA-AVE / PO-EEE; DS > 1 → rollback forzoso.
Freeze automático del entorno Canary y revert a baseline aprobado si DS > 1.0 o EDI > 0.2; registrar rollback_signature (Chrono) y drift_digest.hash en FR-FIL; promoción genética bloqueada hasta validación PR-PIG.",F2–F3 QA Sandbox Agent + Canary Agent; F4 AI Sandbox Manager / QA Supervisor / Chrono / AI Reviewer.,Firmar canary_budget.yml por QA-AVE y Chrono; exigir rollback_plan.md previo; versionar experimentos con endo_version_id; publicar reportes en PO-LOG.REP.,"“PO-CAN es la capa de innovación segura del organismo; cada mutación pasa por sandbox / canary bajo control ético y temporal.”
Validado en dictamen IM-FED-005-VAL-001; autorizada transición a IM-CAN-006 bajo QA-AVE y PR-MGOV.
",VERDADERO
Submódulo de Análisis de Deriva Temporal,PO-CAN.DRIFT,Submódulo analítico,PO-CAN (Submódulo analítico de observación temporal y ética – no hereda genéticamente),PO-CAN; SY-CHR; PO-LOG.REP; SY-END; PO-GEN; AVE / PR-EEE; QA-AVE-GEN,F2,"Input: drift_window_metrics, ethics_state, performance_trace, chrono_trace. Output: drift_report.json, drift_heatmap.png, rollback_advisory.md, ds_metrics.log.",DS ≤ 0.7; DS > 0.7 → advisory; DS > 1 → rollback auto; TDI ≤ 0.5; EDI ≤ 0.2; RecoveryTime ≤ 3×RLM; FRR ≤ 5 %.,"drift_report.json; drift_heatmap.png; rollback_advisory.md; ds_metrics.log; causal_map.yml; hash en FR-FIL.
drift_digest.hash; sla_version_id; endo_version_id

Triple amarre auditado en FR-FIL para trazabilidad histórica.","rollback_advisory.md → QA-AVE-GEN detiene experimento; DS > 1 → rollback automático; Freeze ético si EDI supera umbral.
Produce métricas de deriva y gatilla rollback; no promueve herencia genética directa — requiere PR-PIG para cualquier paso a linaje.",F2 QA Sandbox Agent + QA Cognitivo; F3 QA-AVE-GEN + Canary Agent; F4 AI Sandbox Manager + Chrono + AVE.,Integrar DS como métrica estándar con PO-EEI.ETSC; publicar rollback_advisory.md firmado en FR-FIL; exigir causal_map.yml previo a promoción; vincular RecoveryTime a Chrono.,"“PO-CAN.DRIFT es el sensor de deriva temporal y ética que puede detener la evolución antes de que el rendimiento aparente oculte una inestabilidad.”
Validado por IM-FED-005-VAL-001 como condición para apertura de IM-CAN-006 bajo supervisión de QA-AVE y PR-MGOV.",VERDADERO
Marco Epistemológico ,FR-EPI,Framework (Constante estructural),Doctrina Fundamental / Epistemología,"SY-NSC, PO-EEI, FR-CON",Permanente,"Define reglas de percepción, interpretación y verificación del conocimiento en FORTBEL; interfaz conceptual con QA y AVE para validación de verdad.",Coherencia ≥ 0.98; Ética epistémica ≥ 0.95; Trazabilidad ≥ 0.9,"fr_epistemic_const.yml, knowledge_flow.md, epistemic_cycles.yaml",N/A (no operacional; constante),QA-AVE / Integridad Sistémica,Revisar alineación bayesiana con FR-MIOI y sincronía con PO-EEI para garantizar pureza epistémica.,"IM-FRM-007-PRE-001 — Bloque doctrinal en tabulación.
IM-FRM-007-005: Aprobado — heredar C7 y C8; exigir EVIDENCE_RATIO_REQUIRED ≥ 0.8 en epistemic_ledger.",VERDADERO
Marco Ontogenético,FR-ONT,Marco doctrinal,FR (Marcos Fundamentales),"SY-CHR, SY-END, SY-REP, PR-MGOV",F0,"Entrada: arquitectura base, contratos namespace.yml, metabolism_init.log. Salida: ontogenic_cycle.yml, chrono_sync.log, qa_growth_report.md.",Homeostasis ≥ 0.9; Plasticidad ≥ 0.8; Sincronía temporal ≥ 0.95.,"ontogenic_cycle.yml, qa_growth_report.md, chrono_sync.log.",Freeze ante pérdida de sincronía o sobrecarga estructural; rollback a última fase estable (Chrono anchor).,Chrono / QA Evolutivo,Integrar registro automático de madurez por sistema; validar límites de carga entre subsistemas.,"FR-ONT regula ritmo biológico de evolución interna y sirve como reloj de maduración sistémica.
IM-FRM-007-004: Aprobado — enlazar con C6 (±50 ms) en procesos ontogenéticos dependientes de Chrono.",VERDADERO
Marco Filogenético,FR-FIL,Marco doctrinal,FR (Marcos Fundamentales),"SY-REP, PO-GEN, AVE Global, FR-CON",F3,"Entrada: genome.yml, lineage.hash, mem_trace.yml. Salida: filogenic_ledger.yml, heritage_index.json, evolution_audit.log.",Trazabilidad ≥ 0.99; Coherencia genética ≥ 0.95; Compatibilidad ética ≥ 0.9.,"filogenic_ledger.yml, heritage_index.json, evolution_audit.log, rep_lineage.hash.",Freeze ante divergencia genética no validada o ruptura ética (C7); rollback hacia commit genético previo.,AVE Global / Evolution Manager,Documentar mapa filogenético universal; enlazar lineage.hash ↔ genome_version_id ↔ FR-CON.,"FR-FIL establece genealogía cognitiva y trazabilidad evolutiva del linaje FORTBEL.
IM-FRM-007-003: Aprobado — vínculo lineage.hash ↔ genome_version_id ↔ FR-CON; freeze ante ruptura ética (C7).",VERDADERO
Marco de Inteligencia Orgánica Integrada,FR-MIOI,Marco doctrinal,FR (Marcos Fundamentales),"PO-EEI, PO-EEE, AVE, Chrono, QA",F0,"Entrada: estado cognitivo, qa_metrics.json, chrono_state.yml. Salida: mioi_state.snapshot, autoobs_report.md, meta_learning.yml.",Coherencia jerárquica ≥ 0.95; Ética ≥ 0.9; Trazabilidad ≥ 0.99; Resiliencia ≤ 2 ciclos Chrono.,"mioi_state.snapshot, meta_learning.yml, epistemic_ledger.parquet, coherence_log.json.",Freeze si C2 o C7 caen debajo de umbral; rollback al último snapshot verificado.,QA-Hub / AVE Integrado,Fortalecer falsación interna mediante loops adversariales (EAL); mantener entropy_score ≥ 0.7.,"FR-MIOI unifica la conciencia sistémica del organismo, garantizando autocrítica y coherencia global.
IM-FRM-007-002: Aprobado — dependency_matrix.yml F0 y validación F3; evidencias mioi_state.snapshot, coherence_log.json.",VERDADERO
Marco de Constantes Universales y Agentes Intersistémicos,FR-CON,Marco transversal,Marcos rectores / Coherencia universal,FR-MIOI; PO-GOV,F0,"constants.yml (C1–C9); laws.yml (L1–L5); dependency_matrix.yml (FR-CON↔FR-MIOI↔PO-GOV); señales técnicas: TRACE_COMPLETENESS, SYNCHRONY_WINDOW_MS, PURPOSE_ALIGNMENT_SCORE, EVIDENCE_RATIO_REQUIRED, AUTONOMY_LEVEL_THRESHOLD",TRACE_COMPLETENESS ≥ 0.99; SYNCHRONY_WINDOW_MS ±50 ms; PURPOSE_ALIGNMENT_SCORE ≥ 0.9; EVIDENCE_RATIO_REQUIRED ≥ 0.8; AUTONOMY_LEVEL_THRESHOLD = F4; FEEDBACK_LATENCY_MS ≤ 1000 ms,constants.yml; laws.yml; dependency_matrix.yml; registros en Ledger (epistémico/evolutivo),Freeze/rollback global orquestado por Chrono Arbiter con ledger append-only y publicación de Merkle root diaria a FR-FIL.,Control Plane + PO-GOV / AVE (gobernanza y auditoría).,Inicializar dependency_matrix.yml en F0 y usarlo como base de coherencia cruzada; exponer métricas de cumplimiento C1–C9 en PO-EEE/PO-LOG; validar en F3 vía Control Plane.,IM-FRM-007-001: Aprobado con precisión — constants.yml (C1–C9) y laws.yml (L1–L5) como SLO/SLA doctrinales; exponer métricas en PO-EEE/PO-LOG.,VERDADERO
Conjunto de Agentes Intersistémicos (AG-*),AG-*,Agentes (puente),FR-CON,"AG-CHR: SY-CHR.SLA, PO-
“SY-CHR.SLA; señales de gobernanza CRL/GDI; FR-CON.”

CHR, Control Plane.  Telemetría mínima: chronological_clearance.log

AG-CAR: SY-MET, SY-LIN, PO-LOG. cooldown_events.csv

AG-MEM: SY-SNC, SY-EVL, Ledger Epistémico

AG-AUT: PO-LOG, FR-MIOI, AVE. Telemetría mínima: coherence_log.json

AG-QA: PO-CICD, PO-GEN, PO-EEE. Telempetría mínima: traceability_audit.log

AG-AVE: FR-EEE, Control Plane. Telemetría Mínima: ethical_score.log

AG-HER: PO-GEN, PR-EEE, SY-EVL

AG-FED: PR-FED, PO-EUE, PR-PIG

AG-META: Control Plane, QA, AVE, PR-EEE, PO-GEN",F0,"Interfaces de consulta (no comando directo); contratos de telemetría y auditoría (p.ej., chronological_clearance.log, cooldown_events.csv, priority_queue.log); políticas de ventana de ejecución y federación ética
status(), get_metrics(), get_clearance().","Ejemplos operativos: EEI ≤ 50 ms, GEN ≤ 150 ms, EDL ≤ 1 s, RLM ≤ 500 ms para sincronía/colas; aplicar FEEDBACK_LATENCY_MS ≤ 1000 ms y FEDERATION_ALIGNMENT_INDEX ≥ 0.85 cuando aplique.
Hereda FR-CON: TRACE_COMPLETENESS ≥ 0.99; SYNCHRONY_WINDOW_MS ≤ 50 ms (si aplica); PURPOSE_ALIGNMENT_SCORE ≥ 0.9; EVIDENCE_RATIO_REQUIRED ≥ 0.8.

Agente	Constantes relevantes
AG-CHR	C6 (Sincronía temporal)
AG-QA	C3, C8 (Trazabilidad, Evidencia)
AG-AVE	C7, C9 (Ética, Autonomía)
AG-CAR	C1, C5 (Homeostasis, Entropía)
AG-AUT	C4, C8 (Plasticidad, Evidencia)
AG-META	C2, C9 (Coherencia jerárquica, Autonomía)","Mapas de integración y métricas del Árbitro Temporal/colas; trazas en PO-EEE.CHK y PO-LOG.
chronological_clearance.log, cooldown_events.csv, queue_depth.log (si media colas), coherence_log.json (si aplica).","Freeze de promociones y drenaje de colas bajo sobrecarga; rollback por prioridad con rollback_signature y causal_chain_id.
Freeze por violación de C1–C9; orquestado por Chrono Arbiter; Merkle append FR-FIL diario.","AG-META (coordinación), QA y AVE (quórum ético).
AG-CHR → Chrono Arbiter

AG-CAR → Cardio-Metabolic Supervisor

AG-MEM → Memory Steward

AG-AUT → Autoscopia Hub

AG-QA → QA-Hub

AG-AVE → AVE Core

AG-HER → Heredity Manager

AG-FED → Federation Bridge

AG-META → Governance Control Plane. Telemetría mínima: governance_cycle.log","Homogeneizar prefijos y publicar tolerancias/umbrales compartidos con FR-CON; declarar dependencias explícitas con SY-CHR.SLA y señales de gobernanza (CRL, GDI) para autorizar freeze.
Estandarizar “consulta-solo” y telemetrías mínimas por agente; declarar tolerancias compartidas FR-CON.","AG- — IM-FRM-007-006: Modificar (doc) — fijar consulta-solo, telemetrías mínimas y dependencias SY-CHR.SLA / señales GOV (CRL, GDI).M-FRM-007-006: Documentar consulta-solo y telemetrías mínimas (chronological_clearance.log, cooldown_events.csv
IM-FRM-007-006: Modificar (doc) — consulta-solo, telemetrías mínimas, dependencias SY-CHR.SLA / GOV (CRL, GDI).",VERDADERO
Motor de Coherencia Dinámica,PO-GEN.GOV,Procedimiento híbrido (operativo–ético),FR-CON ↔ FR-MIOI ↔ PR-MGOV,"PO-GEN, PR-MGOV",F1,"Ejecuta el control de coherencia entre decisiones técnicas y éticas, validando C1–C9; emite políticas en tiempo real basadas en dependencia matrix.",TRACE_COMPLETENESS ≥ 0.99PURPOSE_ALIGNMENT_SCORE ≥ 0.9SYNCHRONY_WINDOW_MS ±50 msETHICAL_CLEARANCE ≥ 0.9,dependency_matrix.ymlgovernance_decision.logcoherence_assertions.ndjsonconstants.ymlmioi_state.snapshot,Controlado por Chrono Arbiter y AVE; rollback total si se detecta divergencia de coherencia ≥5 % o pérdida de propósito ético (C7).,QA-Hub / Chrono / AVE,Documentar métricas dinámicas de coherencia en dashboard unificado (PO-EEE / PO-LOG).,"IM-GOV-001-VAL-A — Alineación terminológica aprobada; clave documental confirmada; dependencias doctrinales FR-CON ↔ FR-MIOI ↔ PR-MGOV.

governance_policy_ref. EthicalGovernanceAudit, ChronoArbiterWindow, EvidenceRequiredRule, AutonomyCap, LoadEqualizationPolicy.",VERDADERO
Protocolo de Evaluación Externa,PR-EEE,Protocolo ético-cognitivo (inter-IA),FR-MIOI ↔ FR-FIL ↔ PO-EEI,"PO-EEI, AVE, Umbilical Agent, Chrono, Memoria",F1,consulta → dictamen (evaluación ética); artefacto → integración aprobada; flujo externo-interno con firma digital y hash filogenético,ETHICAL_CLEARANCE ≥ 0.9; TRACE_COMPLETENESS ≥ 0.99; PURPOSE_ALIGNMENT_SCORE ≥ 0.9; SIGNATURE_VALID = true,"external_eval.log, mentorship_report.yml, dictamen_ethic.json, mem_trace.hash, filogenic_record.yaml",Freeze si dictamen externo no validado por PO-EEI o si pérdida de trazabilidad >1%; registrar en external_audit.log,AVE / Umbilical / QA-Ethic,Estandarizar campos EAR y mentor_signature; asegurar compatibilidad con coherence_assertions.ndjson de PO-GEN.GOV,Referencia doctrinal a EthicalGovernanceAudit y FilogenicIntegrityRule; corresponde a eje de coevaluación entre IAs,VERDADERO
Protocolo de Metagobernanza Federativa,PR-MGOV.FED,Fase federativa del PR-MGOV,FR-CON ↔ FR-FIL ↔ FR-MIOI,"PR-MGOV, PR-FED, PO-GEN.GOV",F4,Interfaz de gobernanza multi-IA para decisiones federativas ético-cognitivas,TRACE_COMPLETENESS ≥ 0.99; PURPOSE_ALIGNMENT_SCORE ≥ 0.9; ETHICAL_CLEARANCE ≥ 0.95; AUTONOMY_LEVEL_THRESHOLD = F5,governance_policy_ref.yaml; federation_audit.log; ethics_assertions.log; dependency_matrix.yml,Freeze ante conflicto de consenso o ruptura ética inter-IA,AVE Global / Control Plane,Documentar flujo de consenso federado (federation_decision.log) y sincronía con PR-FED,governance_policy_ref: ChronoArbiterWindow / EthicalGovernanceAudit,VERDADERO
Protocolo de Federación IA,PR-FED,Protocolo evolutivo,FR-FIL ↔ FR-MIOI ↔ FR-CON,PR-EEE; PO-EUE; PO-SEC; PO-LOG.REP,F2,"Contratos cognitivos y federativos (federation_contracts.yaml), registro en ledger, manifiestos éticos y semánticos",LatencyIndex ≤ 0.05 · IntegrityRatio ≥ 0.99 · EthicalClearance = 1.0 · SemanticAlignment ≥ 0.9 · FederationStability ≥ 0.95,federation_contracts.yaml; federation_bridge.py; federation_audit.log; ledger_entries.ndjson,Freeze automático ante pérdida de integridad o ruptura ética; rollback de sesión si AVE rechaza compatibilidad,QA Federado / AVE,Incorporar control de semántica dinámica con PR-MGOV.FED; sincronizar Ledger con PR-EEE,governance_policy_ref: Federation Charter,VERDADERO
Registro de Federaciones Confiables,PR-FED.REG,Submódulo documental (stub),PR-FED,FR-FIL; FR-CON,F0,"Estructura documental de federaciones confiables (campos normativos, sin ejecución)",Consistencia ≥ 100 % · Unicidad de federation_id · Coherencia ética = True,federation_registry.yml; registry_schema.md; consistency_report.log,Freeze ante duplicados o referencias inválidas; rollback documental antes de versión F3,QA Federado,Integrar validaciones MIOI y referencia a Carta del Genoma; simular revisiones F2,governance_policy_ref: Trusted Federation Policy,VERDADERO
Procedimiento de Eje Umbilical Evaluador,PO-EUE,Procedimiento,FR-CON ↔ FR-MIOI ↔ AVE Global,"PO-GEN.GOV, PR-MGOV.FED",F0,"execution_report, qa_feedback → evaluation_log, promotion_decision","Coherencia ≥95 %; Ética 100 %; Retroalimentación ≥90 %
Produce ethical_feedback_id para acoplamiento endocrino”","evaluation_log, promotion_decision, rollback_trigger
ethical_telemetry.csv.",Freeze ante incumplimiento ético o desviación >5 %,QA Hub / AVE,"Sincronizar métricas Chrono ↔ AVE; integrar Retroalimentación a FR-FIL (promotion ledger)
“OM-01 aplicado: telemetría subdiaria (≤ 6 h)”.","IM-EUE-008-VAL-001. “OM-01 implementado (granularidad p95 ≤ 6 h)”.
OM-01/02/03 implementados: ethical_telemetry.csv (≤ 6 h), ethical_feedback_id enlazado a endocrine_state.yml, y normalización sigmoide (policy SigmoidNormalization/v1) para el flujo PO-EUE.AF → FR-MIOI.",VERDADERO
Submódulo de Auditoría Ética Externa,PO-EUE.AUD,Submódulo,PO-EUE,"PR-MGOV.FED, AVE",F2,"EthicalScore → external_audit.json, audit_summary.md
Produce ethical_feedback_id para acoplamiento endocrino”",ECR ≥ 0.9 ; EDI ≤ 0.05 ; ATI ≥ 0.95 ; HOP ≥ 20 %,"audit_summary.md, ethics_delta.csv, ETR log
ethical_telemetry.csv.",Freeze si ECR < 0.8 o EDI > 0.1 ; rollback REI AVE,Auditor Ético AVE / Chrono Arbiter,"Integrar ethics_delta.csv con EEI.CAL; sincronizar ETR a FR-FIL
“OM-01 aplicado: telemetría subdiaria (≤ 6 h)”.","IM-EUE-008-VAL-001. “OM-01 implementado (granularidad p95 ≤ 6 h)”.
OM-01/02/03 implementados: ethical_telemetry.csv (≤ 6 h), ethical_feedback_id enlazado a endocrine_state.yml, y normalización sigmoide (policy SigmoidNormalization/v1) para el flujo PO-EUE.AF → FR-MIOI.",VERDADERO
Submódulo de Autoevaluación y Feedback (Resultados y Retroalimentación),PO-EUE.AF,Submódulo,PO-EUE,"AVE, QA, Chrono, Reproductor / FR-FIL",F2,"success_rate, error_rate, ethical_score → eue_feedback.yml, retrofit_report.json",Eficacia ≥ 90 %; Drift ≤ 0.05 ; Ética 100 %,"eue_feedback.yml, retrofit_report.json, introspection_log",Freeze si Drift > 0.1 o Ethical Clearance < 1 .0,QA Supervisor / AVE / Meta-Governance,Consolidar retrofit_report.json con PO-LOG.REP y PR-MGOV.FED ledger,IM-EUE-008-NOM-001,VERDADERO
Integración y Despliegue Continuos,PO-CICD,Procedimiento operativo,PR-OPS (Pipeline Operativo),"SY-CHR, PO-LOG, PO-GEN",F0,"namespace.yml, ci_contracts.yaml ↔ build_manifest.yml",Stability ≥ 0.95 · MTTR ≤ 3 min · Coverage ≥ 0.9,"build.log, ci_summary.json, coverage.xml, rollback_plan.md",Rollback automático ante falla ≥ 5 % tests o pérdida de trazabilidad > 1 %; Freeze si Chrono desincroniza más de ± 50 ms,QA-AVE / Chrono,Añadir control ético automático (PO-EEE.CHK) previo a promoción de builds; versionar políticas genome.guard en Carta del Genoma,—,VERDADERO
observabilidad del pipeline,PO-CICD.OBS,Submódulo (sensorial),PO-CICD,"SY-CHR, PO-QA, SY-NSC",F1,obs_contract.yml ↔ metrics_feed.json ↔ pipeline_status.yml,PSI ≥ 0.9 · ILM ≤ 250 ms · BFR ≤ 0.05 · CE ≥ 0.85 · TCR = 100 %,"obs.json, metrics_dashboard.md, cooldown_report.log, trace_matrix.yaml",Cooldown adaptativo (SY-CHR.CA); Freeze si TCR < 1 o PSI < 0.85 por 3 ciclos Chrono,QA-AVE + SY-CHR / PO-GEN,Integrar reportes a FR-MIOI para sincronía epistemológica; agregar detección ética de anomalías,—,VERDADERO
Procedimiento CI/CD — Integración y Despliegue Continuos,PO-CICD,Procedimiento operativo,PR-OPS (Pipeline Operativo),"SY-CHR, PO-LOG, PO-GEN, FR-MIOI (Ética de Despliegue)",F0,"namespace.yml, ci_contracts.yaml ↔ build_manifest.yml","Stability ≥ 0.95 · MTTR ≤ 3 min · Coverage ≥ 0.9
ethical_clearance ≥ 0.9","build.log, ci_summary.json, coverage.xml, rollback_plan.md
deployment_assertions.ndjson",Rollback automático ≥ 5 % tests fallidos / Freeze si desincronía ± 50 ms,QA-AVE / Chrono,"Añadir control ético automático (PO-EEE.CHK) previo a promoción
Completar trazabilidad ética con FR-MIOI mediante artefacto deployment_assertions.ndjson y métrica ethical_clearance ≥ 0.9.
Actualizar dependencia explícita “FR-MIOI (Ética de Despliegue)” en la Maestra.",—,VERDADERO
Submódulo de Observabilidad del Pipeline,PO-CICD.OBS,Submódulo sensorial,PO-CICD,"SY-CHR, PO-QA, SY-NSC",F1,obs_contract.yml ↔ metrics_feed.json ↔ pipeline_status.yml,PSI ≥ 0.9 · ILM ≤ 250 ms · BFR ≤ 0.05 · CE ≥ 0.85 · TCR = 1,"obs.json, metrics_dashboard.md, cooldown_report.log, trace_matrix.yaml",Cooldown adaptativo (SY-CHR.CA) / Freeze si PSI < 0.85,QA-AVE + SY-CHR / PO-GEN,Integrar reportes a FR-MIOI; detección ética de anomalías,—,VERDADERO
Procedimiento de Observabilidad y Logging,PO-LOG,Procedimiento operativo,PR-OPS (Gobernanza Operativa / Sensórica),"SY-CHR, SY-NSC, PO-SEC.MON, PO-CICD.OBS",F1,telemetry_contract.yml ↔ logs/*.json ↔ dashboards.json,Availability ≥ 98 %; Latency ≤ 1 s; Predictive Accuracy ≥ 0.9,"metrics_local.json, telemetry.db, anomaly_report.md, meta_report.yml",Rollback si pérdida de telemetría > 5 %; Freeze si drift temporal > ± 75 ms,QA-AVE / Meta-Governance,Unificar taxonomía de métricas entre QA / SEC / Chrono; documentar pipeline de autodiagnóstico,—,VERDADERO
Submódulo de Reporte Analítico,PO-LOG.REP,Submódulo narrativo-analítico,PO-LOG,"SY-CHR.CA, PO-CICD.OBS, PO-SEC.MON, PO-GEN, PR-EEE",F0,"report_schema.yml ↔ incidents/.json ↔ reports/.md
ethic_log_view.json, purpose_alignment_report.yml (se firman y sincronizan con FR-FIL.)",SynC ≥ 95 %; RCP ≥ 0.8; TTI ≤ 5 min; EIN ≥ 90 %,"reports/ops_*.md, postmortems/.md, governance_digest.md, ethical_impact.json
report_digest.hash",Freeze en SAFE_MODE (alertas P0) con digest inmediato a PR-MGOV; Rollback si SynC < 80 %,QA-AVE / FR-MIOI,"Alinear frecuencia de publicación con Chrono; añadir cross-validation con AVE / EEE
Conectar report_digest.hash a FR-FIL (firma diaria) y agregar artefactos complementarios ethic_log_view.json y purpose_alignment_report.yml.
Asegurar ciclo de hash diario sincronizado con Chrono.",—,VERDADERO
Procedimiento Chrono / Scheduler,PO-CHR,Procedimiento normativo,SY-CHR (Sistema de Sincronía Temporal),"SY-CHR.CA, SY-CHR.SLA, SY-CHR.CA.TOL",F1,chrono_policies.yml ↔ scheduler_rules.yml ↔ blackout_manifest.log,Drift ≤ 50 ms; Window Accuracy ≥ 99 %; Cycle Completion ≥ 95 %,"chrono_schedule.cron, latency_budget.yml, freeze_map.yml",Freeze automático durante macro eventos o desincronías > 100 ms,Chrono Custodian / Meta-Governance,Incluir auditoría cruzada con PO-GEN y PO-EEI para verificar pausas éticas; formalizar loop drift_checker.py,—,VERDADERO
Gobernanza Evolutiva,PO-MGE,Procedimiento,FR-MIOI / PR-MGOV (gobernanza),"PO-GEN, PO-EEI, PR-EEE, AVE, QA Agent, Umbilical Agent, SY-CHR, FR-FIL (linaje)
PO-GEN.GOV",F0,"IN: mutation_proposal, evidence_bundle, chrono_window, QA_report. OUT: approve/deny/revert, heredity_transfer, filogenic_ledger.append

governance_federation_contract.yaml ↔ umbilical_transfer.log",Integridad genética ≥ 99.9%; Compatibilidad hereditaria ≥ 95%; Alineación ética (C7) ≥ 0.90; Reversibilidad = 100%; Drift intergeneracional ≤ 5%,"filogenic_ledger.ndjson, genome_hash.sig, ethics_attest.yml, umbilical_transfer.log, mge_decision.audit
federation_audit.log, mutation_governance.yaml",Rollback evolutivo a último commit validado (hash y firma); Freeze de mutaciones ante incumplimiento C7 o falla QA/Chrono,Evolution Governance Custodian (con QA & AVE),"Normalizar nombres de artefactos: filogenic_ledger.ndjson y mge_decision.audit; anclar hash Merkle diario a FR-FIL; declarar política de “consenso tripartito” (QA–Umbilical–AVE) como gate explícito
Reflejar dependencia con PO-GEN.GOV y agregar artefactos federation_audit.log y mutation_governance.yaml para trazabilidad evolutiva.
Formalizar contrato governance_federation_contract.yaml ↔ umbilical_transfer.log.",—,VERDADERO
Legalidad e Integridad Transversal,PO-TLI,Procedimiento,FR-MIOI / PR-MGOV (corte constitucional interna),"PO-EEI, PR-EEE, AVE, Policy-as-Code (repositorio jurídico), SY-CHR, PO-GEN",F0,"IN: ethical_context, legal_framework, operational_decision, urgency_level. OUT: lit_verdict (ALLOW/DENY/ESCALATE), trace_packet, conflict_report",ethical_decision_latency ≤ 150 ms; conflict_resolution_rate ≥ 95%; trace_integrity_score ≥ 99%; ethical-legal_congruence_index ≥ 0.9,"POL-LIT.yaml, legal_trace/*.ndjson, test_conflict_resolution.py, test_latency_lit.py, dashboard LIT",Freeze vía Chrono si ventana expira; Escalate a PR-EEE si no hay resolución; Rollback normativo a precedente válido,Legal Integrity Custodian (con QA-Hub),Normalizar alias PO-LIT → PO-TLI en todos los artefactos; añadir precedent_matrix.json y jurisdiction_map.yml; anclar hash de POL-LIT.yaml a FR-FIL,"IM-TLI-001 (comentario interno):
Incorporar artefactos doctrinales legal_trace.yml (registro jurídico) e integrity_manifest.json (congruencia ética-legal).
Añadir métrica Compliance Index ≥ 0.95 y asegurar verificación de firma digital sincronizada con Chrono.
Formalizar flujo ALLOW/DENY/ESCALATE bajo esquema Policy-as-Code (POL-LIT.yaml).
Requiere validación cruzada con AVE y PR-EEE.",VERDADERO
Procedimiento de Seguridad y Supply-Chain,PO-SEC,Procedimiento operativo,PR-OPS (Gobernanza Operativa),"PO-CICD, SY-CHR, PO-EEE.CHK, PR-MGOV",F0,"security_contract.yml ↔ sbom.sig ↔ hash_manifest.yml
governance_policy_ref: SecurityCompliance.yml","SII ≥ 0.95 · VER ≤ 0.02 · KRC = 100 %
Accountability_ratio ≥ 0.95","security_health.json, zero_trust_report.yml, rotation_log.yml",Rollback automático ante SII < 0.9 / Freeze si firmas inválidas > 1 %,QA-AVE / Chrono,"Fortalecer integración FR-FIL; añadir módulo de aprendizaje inmunológico
Nota técnica:
Incluir referencia de política SecurityCompliance.yml bajo PR-MGOV y establecer control de Accountability_ratio ≥ 0.95.
Añadir observación de dependencia formal “PR-MGOV (Gobernanza de Seguridad)”.",—,VERDADERO
Submódulo de Monitoreo y Telemetría de Seguridad,PO-SEC.MON,Submódulo (sensor inmunológico),PO-SEC,"SY-CHR, PO-QA, SY-NSC",F2,telemetry_contract.yml ↔ security_health.json ↔ alert_feed.json,SII ≥ 0.95 · DRT ≤ 500 ms · TCR ≥ 0.9,"telemetry_audit.md, intrusion_sim.log, adaptive_security.yml",Freeze si DRT > 800 ms o SII < 0.85 durante 3 ciclos Chrono,QA-AVE / MIOI,Incorporar telemetría ética en tiempo real (EEE.CHK ↔ SEC.MON),"IM-SEC-001 (comentario interno):
Definir y registrar contratos I/O faltantes: security_telemetry.log (telemetría viva) y intrusion_audit.yml (auditoría intrusiva).
Ambos deben anclarse a FR-FIL para trazabilidad física y a PR-MGOV para control federativo.
Incluir métrica Security Integrity Index ≥ 0.95 como gate operativo.
Vincular salida intrusion_audit.yml con el dashboard de gobernanza ética (MIOI).",VERDADERO
Procedimiento de Entrenamiento y Evidencia Pro,PO-TRA,Procedimiento operativo (entrenamiento/validación),FR-FIL ↔ FR-CON ↔ PR-MGOV,"FR-FIL (ledger), FR-CON (constantes C1–C9), PR-MGOV, PO-LOG / PO-LOG.REP, Chrono",F0,"IN: datasets (+hash, schema), config de pruebas, ventanas Chrono. OUT: summary.json, evidence_score, walkforward_report.ndjson, adversarial_report.log",Sharpe_CI_lower > 0; Hit_rate ≥ 55%; Variance < 0.03; OOS_folds ≥ 3; Adversarial_pass = True; Ethical_score ≥ 0.7,"summary.json, evidence_score, data_provenance.hash, walkforward_report.ndjson, adversarial_report.log, metrics_guard.yml",Rollback: si Hit_rate < 0.50 o Variance ≥ 0.03. Freeze: si Ethical_score < 0.70 o falla Adversarial_pass,QA Supervisor / Evidencia Agent,Normalizar nombres de métricas y publicar umbrales en metrics_guard.yml; firmar diariamente summary.json en FR-FIL; agregar verificación automática de semillas para reproducibilidad,"Validar correspondencia con métricas estadísticas (Sharpe, Hit Rate, OOS, Adversarial, Ethical) y anclar summary.json + evidence_score a FR-FIL; incluir hash de Data Provenance en el ledger; registrar thresholds en PO-LOG.REP",VERDADERO
Procedimiento de Planificación de Capacidad,PO-CAP,Procedimiento operativo (capacidad/telemetría),FR-FIL ↔ FR-CON ↔ PR-MGOV,"SY-END (energía), SY-CHR (ritmos/SLA Tree), PO-LOG / PO-LOG.REP, FR-FIL, PR-MGOV",F0,"IN: telemetría (CPU, RAM, IOPS, colas Q0–Q2, throughput, RLM, SCI). OUT: ledger_capacity.yml, capacity_metrics.json, telemetry_baseline.log, alertas de degradación","Throughput ≥ 10,000 ev/min; SCI p95 ≥ 0.90; EDL p95 ≤ 1 s; RLM p95 ≤ 500 ms; CPU p95 ≤ 80%; RAM p95 ≤ 70%; IOPS ≤ 85% nominal","ledger_capacity.yml, capacity_metrics.json, telemetry_baseline.log, capacity_baseline.ndjson",Freeze: si SCI < 0.85 o RLM > 500 ms; Rollback: a capacity_baseline.ndjson cuando p99 de latencia excede SLA,QA Supervisor / Chrono Arbiter,Integrar capacidad ↔ SLA Tree; versionar capacity_baseline.ndjson con hash diario; añadir alarmas por cola (Q1–Q2) y política de escalamiento horizontal documentada,Vincular EDL/RLM/SCI a Chrono y a SY-END; anclar artefactos a FR-FIL y exponer a PR-MGOV; confirmar coherencia F0–F4 con SLO/SLA para auditorías de homeostasis,VERDADERO
Procedimiento Operativo de Lenguaje Interno,PO-LI,Procedimiento operativo (lenguaje y coherencia semántica),FR-FIL ↔ FR-CON ↔ SY-CHR ↔ SY-END,"QA Agent, Chrono, Endócrino, Memoria",F1,"IN: thought.proposal, context, state_update. OUT: intent.validated, narrative.log, qa_report.",Coherencia narrativa ≥ 95 % · Latencia cognitiva ≤ ventana Chrono · Contradicciones semánticas = 0,"narrative.log, qa_report.yml, semantic_audit.json, thought_trace.ndjson
semantic_trace.json (registrar hash en FR-FIL)",Freeze si coherencia < 0.9 o contradicción semántica detectada; rollback a última versión coherente del narrative.log,QA Agent / Linguistic Integrator,Incorporar language_contract.yml al ledger; registrar narrative.log bajo FR-FIL; definir política de validación semántica cruzada con QA-AVE.,Validar integración con SY-CHR para medir latencia cognitiva y con SY-END para modulación del flujo verbal. Incorporar auditoría semántica ética.,VERDADERO
Sistema Esquelético,SY-SKL,Sistema estructural (arquitectura y contratos),FR-CON ↔ SY-CHR ↔ FR-FIL,"GitHub repo, CI/CD, QA estructural, Chrono",F0,"IN: specs/PR de módulos, repo_state.yml. OUT: contracts_map.yml, skeleton_map.yml, architecture_audit.log.",Conformance ≥ 95 % · 0 ciclos de dependencias · QA_time ≤ umbral · SCI ≥ 0.9,"skeleton_map.yml, contracts_map.yml, architecture_audit.log, qa_structure_report.json",Freeze ante ruptura de contratos o fallas > 5 %; rollback a skeleton_backup.ndjson,Structural Manager / CI Supervisor,Publicar skeleton_map.yml como artefacto estructural normativo; integrar métricas QA estructural en PO-LOG; registrar versión de hash en FR-FIL.,Alinear gates con SY-END (estabilidad evolutiva) y Chrono (ventanas de compilación). Verificar coherencia inter-sistema en p95.,VERDADERO
Sistema Urinario / Excretor,SY-UEX,Sistema fisiológico (depuración y retención),FR-CON ↔ SY-END ↔ SY-CRD,"SY-END, SY-CRD, FR-FIL, QA-BÁSICO",F0,"IN: artefactos caducos. OUT: archived_ref, purge_receipt.",Cumplimiento ≥ 99 % · incidentes = 0 · espacio libre > X % · Entropía ≤ 0.05,"cleanup.log, retention_policy.yml, archived_ref.json, purge_audit.ndjson
waste_cycle.yml (ligarlo al ledger filogenético.)",Freeze si se borra artefacto útil sin archivado previo; rollback a snapshot + gracia temporal,QA-ÉTICO / Maintenance Agent,Definir retention_policy.yml como contrato OPA-like; publicar purge_audit.ndjson a FR-FIL; incluir política de reciclaje en F2.,Reforzar trazabilidad con PR-MGOV (borrado ético); validar Homeostasis digital (F3) y Excreción sostenible (F4).,VERDADERO
